"cole_codigo_icfes","cole_nombre_sede"
"96578","COLEGIO LOS ÁNGELES"
"116236","COLEGIO ANDINO DE TUNJA"
"49486","IE TEC SEÑOR DE LOS MILAGROS - SEDE PRINCIPAL"
"150953","INSTITUCION EDUCATIVA POLITECNICO ALVARO GONZALEZ SANTANA"
"154740","I E TEC AGROP LIBARDO CUERVO PATARROYO"
"24778","COL DE FIRAVITOBA"
"147629","I.E. JORDAN - SEDE PRINCIPAL"
"153072","CENTRO DE INVESTIGACIONES PEDAGÓGICAS  RAYUELA"
"27748","IE FRANCISCO DE PAULA SANTANDER - SEDE PRINCIPAL"
"32086","INST INTEGD CARLOS JULIO UMAÑA TORRES"
"5652","IE NORMAL SUPERIOR VALLE DE TENZA - SEDE PRINCIPAL"
"33126","IE TEC AGROPECUARIA - SEDE PRINCIPAL"
"4911","I.E. TECNICO INDUSTRIAL MARISCAL SUCRE - SEDE PRINCIPAL"
"48173","I.E. TECNICA LOPEZ QUEVEDO - SEDE PRINCIPAL"
"148932","I.E. TECNICA JAIRO ALBARRACIN BARRERA - SEDE PRINCIPAL"
,"I.E. EL ESPINO - SEDE PRINCIPAL"
"158741","COL BAS VADO CASTRO"
,"IE NORMAL SUPERIOR LA PRESENTACION - SEDE PRINCIPAL"
"154666","I.E. JOSE MARIA SILVA SALAZAR - SEDE PRINCIPAL"
,"IE FRANCISCO DE PAULA SANTANDER - SEDE PRINCIPAL"
,"INSTITUTO TECNICO GONZALO SUAREZ RENDON CENTRAL"
,"I.E. CASCAJAL - SEDE PRINCIPAL"
"26450","I.E. ESCUELA NORMAL SUPERIOR LA PRESENTACION - SEDE PRINCIPAL"
"731927","I.E. JOSE SANTOS GUTIERREZ - SEDE PRINCIPAL"
"60087","IE LUIS GUILLERMO ROJAS BARRERA - SEDE PRINCIPAL"
"128884","I.E. RAFAEL BAYONA NINO - SEDE PRINCIPAL"
"101261","CENTRO EDUCATIVO JUAN DE LA SALLE"
"54635","I.E. TECNICA AGROPECUARIA DE PALERMO - SEDE PRINCIPAL"
"40436","COL NZDO PABLO VI"
"60111","CONC DE DESARROLLO RURAL"
"5389","COL NZADO DE PAUNA"
"190371","INST TEC AGROPECUARIO"
"67736","COL RURJUAN PABLO II"
"168427","COLEGIO JOSE ANTONIO GALAN"
"27763","I.E. TECNICA AGROINDUSTRIAL EL ESPINO - SEDE PRINCIPAL"
"113803","I.E. TECNICA AGROPECUARIA SAN ISIDRO - SEDE PRINCIPAL"
"608638","I.E. MIGUEL FRANKLIN BUITRAGO"
"154153","COL JUAN DE JESÚS ACEVEDO"
,"IE JUAN JOSE RONDON - SEDE PRINCIPAL"
"4952","NSTRA SRA DE NAZARETH"
,"COLEGIO LA PRESENTACIÓN"
"96693","IE FRANCISCO JOSE DE CALDAS - SEDE PRINCIPAL"
"157701","I.E. MARCO AURELIO BERNAL - SEDE PRINCIPAL"
"0","IE JOSE ANTONIO GALAN - SEDE PRINCIPAL"
,"IE JOSE ANTONIO GALAN - SEDE PRINCIPAL"
,"IE MARIANO OSPINA PEREZ - SEDE PRINCIPAL"
"183442","IE DIVINO NIÑO CORMAL- SEDE PRINCIPAL"
"142323","PRINCIPAL INTEGRADO"
"92247","I.E. ARMANDO SOLANO - SEDE PRINCIPAL"
"45492","I.E. VALENTÍN GARCIA - SEDE PRINCIPAL"
"91413","I.E.T. AMBIENTAL SOTE PANELAS - SEDE PRINCIPAL"
"27086","I.E. TECNICA ANTONIO RICAURTE - SEDE PRINCIPAL"
"26450","ESC NORMAL SUPERIOR LA PRESENTACION"
"128637","I.E. LA LIBERTAD - SEDE PRINCIPAL"
"32086","IE CARLOS JULIO UMAÑA TORRES - SEDE PRINCIPAL"
"60038","INSTITUCIÓN EDUCATIVA ANGLO AMERICANO"
"78253","COLEGIO COMERCIAL ADVENTISTA DE SOGAMOSO CADES"
"151381","COL DE EDUC BAS LAS MERCEDES"
"328732","PRINCIPAL QUEBRADA DE BECERRAS"
"86223","COL TEC AGROP SAN ANTONIO"
"5629","INSTITUCION EDUCATIVA INTEGRADO JOAQUIN GONZALEZ CAMARGO"
"152884","IE NZADA SAN RAFAEL"
"160408","COL TEC JUAN JOSE SAMANIEGO"
"5611","EDIFICIO CALLE 18"
,"I.E. RAFAEL BAYONA NINO - SEDE PRINCIPAL"
"746289","ESC AGUA FRIA"
,"I.E. AGROPECUARIA - SEDE PRINCIPAL"
,"INSTITUTO SAN FERNANDO FERRINI"
,"I.E. SAN MIGUEL - SEDE PRINCIPAL"
,"COLEGIO SEMINARIO DIOCESANO"
"47324","INSTITUCION EDUCATIVA INTEGRADO JOAQUIN GONZALEZ CAMARGO"
"142349","PRINCIPAL INTEGRADO"
"10925","COLEGIO CORPORACION SANTO DOMINGO"
"138446","IE DIVINO NIÑO - SEDE PRINCIPAL"
"196113","COLEGIO MI PEQUEÑO MUNDO"
"64170","COLEGIO SAN JOSE DE CALASANZ"
"152462","I.E. MIRAFLORES - SEDE PRINCIPAL"
"86363","I.E.T. JOSE JOAQUIN ORTIZ - SEDE PRINCIPAL"
"157891","IE SAN ISIDRO - SEDE PRINCIPAL"
"5744","IE TEC IND ANTONIO RICAURTE - SEDE PRINCIPAL"
"42325","I.E. HAYDEE CAMACHO SAAVEDRA - SEDE PRINCIPAL"
"5272","CENTRAL"
"164111","CENT. DE ENSEÑ. PRECOS CAMINO AL SABER"
"86199","INST. GESTION INFORMATICA Y GUIA ACADEMICA - GIGA"
"45450","COL JUANA CAPORAL"
"717561","INSTITUCION EDUCATIVA NUEVA GRANADA - SEDE PRINCIPAL"
,"COLEGIO BOYACA DE DUITAMA SEDE BACHILLERATO"
"5454","IE NORMAL SUPERIOR - SEDE PRINCIPAL"
"4929","COL MANUEL BRICEÑO"
"172510","COL ANTONIA SANTOS"
,"I.E. SAN LUIS DE GACENO - SEDE PRINCIPAL"
"108233","COL NZADO AGROP RAMÓN BARRANTES"
"608406","LICEO MODERNO JEAN PIAGET - SEDE PRINCIPAL"
,"I.E.T. DE NAZARETH - SEDE PRINCIPAL"
"28563","I.E. NORMAL SUPERIOR SAGRADO CORAZÓN - SEDE PRINCIPAL"
"5413","INS TEC JOSE IGNACIO DE MARQUEZ"
"149740","COL EDUC BAS PEDREGAL ALTO"
"4945","COL NZADO DE CERINZA"
"4994","COL EDUC BAS Y MEDIA TEC NTRA SRA DEL NAZARETH"
,"COLEGIO CORPORACIÓN SANTO DOMINGO - SEDE PRINCIPAL"
"86215","INSTITUCION EDUCATIVA GUSTAVO ROJAS PINILLA CENTRAL"
"107359","COLEGIO BOLIVARIANO - SEDE PRINCIPAL"
"45815","COLEGIO MAYOR LEON XIII"
"48090","COLEGIO SANTA TERESITA"
"96651","I.E. TECNICA SALAMANCA - SEDE PRINCIPAL"
"47332","COL PANAMERICANO PUENTE BOYACA"
,"I.E. ANTONIO NARIÑO - SEDE PRINCIPAL"
"54593","COL SIMÓN BOLIVAR"
"49452","I.E. EL CHARCO - SEDE PRINCIPAL"
"742619","I.E. VADO CASTRO - SEDE PRINCIPAL"
"9110","I.E. VALLE DE TENZA - SEDE PRINCIPAL"
"60095","IE AGROPECUARIO - SEDE PRINCIPAL"
"159947","I.E. TECNICA NACIONALIZADA PABLO VI - SEDE PRINCIPAL"
"139931","I.E. ZULIA DE MARIPÍ"
,"IE SERGIO CAMARGO - SEDE PRINCIPAL"
"86264","IE TEC JOSE IGNACIO DE MARQUEZ - SEDE PRINCIPAL"
"147629","COL DE EDUCACION BAS PAJALES"
"661884","ESC LA FRONTERA"
"676056","INSTITUCION EDUCATIVA LA INDEPENDENCIA"
"142323","I.E. SAN ANTONIO NORTE - SEDE PRICIPAL"
,"INSTITUTO TECNICO INDUSTRIAL RAFAEL REYES-DUITAMA"
,"IE HORIZONTES - SEDE PRINCIPAL"
,"COLEGIO CRISTIANO FILADELFIA"
"11059","COLEGIO BOLIVARIANO - SEDE PRINCIPAL"
"160564","INSTITUCION EDUCATIVA"
,"I.E. SOCHAQUIRA ABAJO - SEDE PRINCIPAL"
"142745","COLEGIO CRISTIANO FILADELFIA"
"24828","I.E. TECNICA Y ACADEMICA ANTONIO NARIÑO - SEDE PRINCIPAL"
"5603","INSTITUCION EDUCATIVA INTEGRADO JOAQUIN GONZALEZ CAMARGO"
"141382","IE RANCHO GRANDE - SEDE PRINCIPAL"
"47241","INST TEC AGROP LA ESMERALDA"
"24810","IE TEC JOSE GABRIEL CARVAJAL GARCIA - SEDE PRINCIPAL"
"42317","COL DEPARTAMENTAL"
"152884","I.E.T. AGROPECUARIA SAN RAFAEL - SEDE PRINCIPAL"
"166900","I.E. BUTAGÁ - SEDE PRINCIPAL"
"86330","IE SAN MARCOS - SEDE PRINCIPAL"
"5066","INS ED TEC Y ACAD JOSE MARIA POTIER - LA MILAGROSA"
"139113","I.E. LA CABAÑA - SEDE PRINCIPAL"
"155812","I.E. TECNICA PIO MORANTES - SEDE PRINCIPAL"
,"CENTRO JUVENIL EMILIANI"
,"EDIFICIO CALLE 18"
,"IE IGNACIO GIL SANABRIA - SEDE PRINCIPAL"
"86231","CARLOS ARTURO TORRES SEDE CENTRAL"
"712984","GIMNASIO CAMBRIDGE - SEDE PRINCIPAL"
"135814","I.E. CONCHA MEDINA DE SILVA - SEDE PRINCIPAL"
"47282","I.E. SAN PEDRO CLAVER - SEDE PRINCIPAL"
"27110","I.E. TECNICO AGROPECUARIO - SEDE PRINCIPAL"
"188896","COL LA LIBERTAD (SEDE GACAL)"
"161075","COL NSTRA SRA DE LA CANDELARIA"
"153023","COL ED BAS EL MORAL"
"152520","INSTITUTO DE EDUCACION FORMAL COMFABOY - SEDE PRINCIPAL"
"111732","COLEGIO CORPORACIÓN SANTO DOMINGO"
"81828","COL DPTAL MIX JORGE ELIECER GAITAN"
"753186","COLEGIO DE COMFABOY - SEDE PRINCIPAL"
"661066","INSTITUTO SANTA RITA"
"169821","COL NTRA SRA DE LA ANTIGUA"
"36608","CENTRAL"
"151399","COL EDU BAS EL PORTACHUELO"
"185918","COL EDUARDO MENDOZA VARELA"
"91488","I.E. NORMAL SUPERIOR NTRA SRA DEL ROSARIO - SEDE PRINCIPAL"
"676106","INSTITUCION EDUCATIVA RAFAEL GUTIERREZ GIRARDOT"
"158105","NSTRA SRA DE NAZARETH"
"138776","COL SAN LUIS BELTRAN"
"162917","INSTITUCION EDUCATIVA GUSTAVO ROJAS PINILLA CENTRAL"
,"IE JORGE ELIECER GAITAN - SEDE PRINCIPAL"
,"I.E. AGROINDUSTRIAL LA PRADERA - SEDE PRINCIPAL"
,"CENTRO EDUCATIVO SAN AGUSTIN - SEDE PRINCIPAL"
"36608","IE TEC ANTONIO NARIÑO - SEDE PRINCIPAL"
,"I.E.T. SAN DIEGO DE ALCALA - SEDE PRINCIPAL"
"144147","INSTITUTO TECNICO GONZALO SUAREZ RENDON CENTRAL"
"10927","INSTITUCION EDUCATIVA URIBESCO - SEDE PRINCIPAL"
"744888","I.E. TECNICA SUSANA GUILLEMIN - SEDE PRINCIPAL"
"4879","I.E. TECNICA RAMON IGNACIO AVELLA - SEDE PRINCIPAL"
"94086","LICEO DE LA PRESENTACION"
"746537","INSTITUCION EDUCATIVA LOS LIBERTADORES"
"163220","COL BAS ADOLFO MARÍA JIMÉNEZ"
"99721","COL. EL PRADO"
"120667","INS TEC SIMONA AMAYA"
"60053","I.E. INDALECIO VASQUEZ  - SEDE PRINCIPAL"
"30247","INST TEC INDUSTRIAL"
"29611","INST EDUC FRANCISCO JOSE DE CALDAS"
"145060","COLEGIO COLOMBO BRITANICO"
"28043","COLEGIO SAN PEDRO CLAVER"
"86322","I.E. SAN FRANCISCO - SEDE PRINCIPAL"
"136895","COL JOSE ASUNCION SILVA"
"123166","IE SIMON BOLIVAR - SEDE PRINCIPAL"
"661066","I.E. SANTA RITA - SEDE PRINCIPAL"
"781","IE RAFAEL BERNAL JIMENEZ"
"190942","ESC SAN MIGUEL"
,"IE TEC RAFAEL URIBE - SEDE PRINCIPAL"
"111138","COLEGIO TECNICO MUNICIPAL FRANCISCO DE PAULA SANTANDER"
"666354","COLEGIO NACIONALIZADO LA PRESENTACION SEDE NORTE"
"49411","GIMNASIO CAMPESTRE DEL NORTE"
"666230","I.E.T. AGROPECUARIO LA ESMERALDA - SEDE PRINCIPAL"
"339713","I.E. JUAN JOSE RONDON - SEDE PRINCIPAL"
"716126","INSTITUCION EDUCATIVA GABRIEL GARCIA MARQUEZ - SEDE PRINCIPAL"
"748848","I.E. NUEVA GENERACION - SEDE PRINCIPAL"
"38745","IE SAN JOSÉ DE LA FLORIDA"
"132027","CENT EDUC. SASA"
"27847","I.E. TECNICA ANTONIO NARIÑO - SEDE PRINCIPAL"
"54627","I.E.T DE PANQUEBA - SEDE PRINCIPAL"
"71449","I.E. SANTO DOMINGO SAVIO - SEDE PRINCIPAL"
"49437","I.E. AGRICOLA ANTONIO NARIÑO - SEDE PRINCIPAL"
"166546","I.E. GENERAL SANTANDER"
"159327","I.E. ALFONSO VANEGAS SIERRA - SEDE PRINCIPAL"
"336347","IE NUEVA ESPERANZA  - SEDE PRINCIPAL"
"40477","COL DPTAL HONORIO ANGEL Y OLARTE"
"139113","COL DE EDUC BAS LA CABAÑA"
,"I.E. NORMAL SUPERIOR SOR JOSEFA DEL CASTILLO Y GUEVARA - SEDE PRINCIPAL"
,"I.E. NORMAL SUPERIOR SAGRADO CORAZÓN - SEDE PRINCIPAL"
"338798","INSTITUCIÓN EDUCATIVA NUESTRA SEÑORA DE MORCA"
"155341","COLTEC AGROP PUERTO SERVIEZ"
"111138","INSTITUTO TECNICO SANTO TOMAS DE AQUINO SEDE BACHILLERATO"
"134692","COLEGIO DE BOYACA"
"90928","I.E. TEC IND JULIO FLOREZ - SEDE PRINCIPAL"
"91447","EDIFICIO CALLE 18"
"13094","COLEGIO DE EDUCACION FORMAL FLEXIBLE SAN MATEO"
"28654","I.E. PLINIO MENDOZA NEIRA - SEDE PRINCIPAL"
"159871","I.E. LOS NARANJOS - SEDE PRINCIPAL"
"45492","COL NZADO TEC AGROP VALENTIN GARCIA"
"132019","I.E. ANTONIA SANTOS - SEDE PRINCIPAL"
"27631","COL SAN IGNACIO"
"122044","I.E.T. SANTA CRUZ DE MOTAVITA - SEDE PRINCIPAL"
"51714","COLEGIO MAYOR LEON XIII"
"145409","I.E. TUNJUELO - SEDE PRINCIPAL"
"151696","IE ANDRES ROMERO AREVALO - SEDE PRINCIPAL"
"96727","INSTITUTO POLITECNICO JOSE CELESTINO MUTIS"
,"I.E. NICOLAS CUERVO Y ROJAS - SEDE PRINCIPAL"
,"I.E. JOSE MARIA SILVA SALAZAR - SEDE PRINCIPAL"
,"I.E.T. ALEJANDRO DE HUMBOLDT - SEDE PRINCIPAL"
"1678","INSTITUTO TECNICO INDUSTRIAL RAFAEL REYES-DUITAMA"
,"I.E. INDALECIO VASQUEZ  - SEDE PRINCIPAL"
,"GIMNASIO CAMPESTRE SANTO DOMINGO - SEDE PRINCIPAL"
,"COLEGIO COOPERATIVO REYES PATRIA"
"104547","INSTITUTO TECNICO GONZALO SUAREZ RENDON CENTRAL"
"28654","CENTRAL"
"57133","COLEGIO LA PRESENTACIÓN"
"4986","I.E. TEC IND JULIO FLOREZ - SEDE PRINCIPAL"
"101493","IE SERGIO CAMARGO - SEDE PRINCIPAL"
"91447","INSTITUCION EDUCATIVA FRANCISCO DE PAULA SANTANDER"
"151399","I.E. TECNICA EL PORTACHUELO - SEDE PRINCIPAL"
"154567","COLEGIO UNICAB VIRTUAL - SEDE PRINCIPAL"
"153023","I.E. EL MORAL - SEDE PRINCIPAL"
"52852","I.E. TECNICA ALFONSO LOPEZ PUMAREJO - SEDE PRINCIPAL"
"26328","COLEGIO COOPERATIVO GABRIEL CAMARO PEREZ"
"119263","INSTITUCION EDUCATIVA ANTONIO NARIÑO"
"60061","SEDE CENTRAL"
"151381","I.E. LAS MERCEDES - SEDE PRINCIPAL"
"106971","I.E. TOQUILLA - SEDE PRINCIPAL"
"155010","CENTRO JUVENIL AMIGONIANO BOYACÁ - SEDE PRINCIPAL"
"108241","INSTITUCION EDUCATIVA RAFAEL GUTIERREZ GIRARDOT"
"149807","COL EDUC BAS CEBADAL"
"133934","AMERICAN SCHOOL SAINT FRANCES"
"150649","I.E. AGROPECUARIA - SEDE PRINCIPAL"
"37689","COLEGIO DEPARTAMENTAL HORIZONTES"
"163543","I.E.T. SERGIO CAMARGO - SEDE PRINCIPAL"
,"COLEGIO CORPORACION SANTO DOMINGO"
"154815","IE NORMAL SUPERIOR - SEDE PRINCIPAL"
,"I.E. VALLE DE TENZA - SEDE PRINCIPAL"
,"I.E.T. SAN PEDRO DE IGUAQUE - SEDE PRINCIPAL"
"19342","IE TEC IND ANTONIO RICAURTE - SEDE PRINCIPAL"
"147041","IE CARLOS ARTURO TORRES PEÑA - SEDE PRINCIPAL"
"86231","COLEGIO DE BOYACA"
"60038","IE JORGE CLEMENTE PALACIOS - SEDE PRINCIPAL"
,"INSTITUCION EDUCATIVA LA INDEPENDENCIA"
"746222","I.E. EL CRUCE - SEDE PRINCIPAL"
"747428","COLEGIO DE EDUCACION FORMAL FLEXIBLE SAN MATEO"
"4762","COLEGIO DE LA PRESENTACION TUNJA"
"29611","IE FRANCISCO JOSE DE CALDAS - SEDE PRINCIPAL"
"49486","I.E. TECNICA SEÑOR DE LOS MILAGROS - SEDE PRINCIPAL"
"54585","I.E.T PANTANO DE VARGAS - SEDE PRINCIPAL"
"706879","COLEGIO SUPERIOR SAN BARTOLOME - SEDE PRINCIPAL"
"4945","I.E. DE CERINZA - SEDE PRINCIPAL"
"86231","INSTITUTO SAN FERNANDO FERRINI"
"60087","INST TEC AGROP LUIS GUILLERMO ROJAS BARRERA CENTRO"
"5173","INST NACIONALIZADO SAN LUIS"
"152223","COL ED BAS EL CARDON"
"101493","COLEGIO CENCOV CIENCIA Y CULTURA - SEDE PRINCIPAL"
"5280","COL NAZADO LISANDRO CELY"
"675371","INSTITUTO TECNICO SANTO TOMAS DE AQUINO SEDE BACHILLERATO"
"120667","I.E. TECNICO SIMONA AMAYA - SEDE PRINCIPAL"
"151639","I.E. TECNICA IGNACIO GIL SANABRIA - SEDE PRINCIPAL"
"159160","I.E.T. SAN PEDRO DE IGUAQUE - SEDE PRINCIPAL"
,"SEDE CENTRAL"
"333948","ESC AGUA FRIA"
,"COLEGIO SALESIANO MALDONADO"
"160218","I.E. MIRAFLORES - SEDE PRINCIPAL"
,"I.E. LA CANDELARIA - SEDE PRINCIPAL"
,"INSTITUCION EDUCATIVA URIBESCO - SEDE PRINCIPAL"
,"I.E. SAN ISIDRO - SEDE PRINCIPAL"
,"IE TEC ANTONIO NARIÑO - SEDE PRINCIPAL"
,"I.E. JOSÉ SANTOS GUTIERREZ - SEDE PRINCIPAL"
"5330","I.E.T. DE NOBSA - SEDE PRINCIPAL"
"747410","COLEGIO DE EDUCACION FORMAL FLEXIBLE SAN MATEO"
"5504","IE JUAN JOSE RONDON - SEDE PRINCIPAL"
"783480","ESCUELA NORMAL SUPERIOR LEONOR ALVAREZ PINZON"
"145029","I.E. TECNICA LA LAJA - SEDE PRINCIPAL"
"67694","COL MPAL PABLO VALETTE"
"151993","COLEGIO JESUS MAESTRO - SEDE PRINCIPAL"
"151266","COL DE EDUC BAS MARCO AURELIO VARGAS"
"159434","IE TECNICA RAMON IGNACIO AVELLA - SEDE PRINCIPAL"
"5553","COLEGIO CELCO"
,"COLEGIO NUEVA INGLATERRA - SEDE PRINCIPAL"
"139931","I.E. TÉCNICA ZULIA DE MARIPÍ - SEDE PRINCIPAL"
"746115","I.E. SANTA ROSA - SEDE PRINCIPAL"
"171934","COLEGIO MONTESSORI - SEDE PRINCIPAL"
"741769","I.E. TECNICA NUESTRA SEÑORA DE LA O - SEDE PRINCIPAL"
"46029","CONC DE DESARROLLO RURAL"
"40451","COL DPTAL SAN FELIPE"
"154161","COL DE EDUC BAS JAIME RUIZ CARRILLO"
,"INST SOLUCION EDUCATIVA SOLED"
,"COLEGIO JESUS EUCARISTIA"
,"IE TEC Y ACAD ANTONIO NARIÑO - SEDE PRINCIPAL"
,"I.E.T. AGROPECUARIO LA ESMERALDA - SEDE PRINCIPAL"
,"ESC SAN JOSE DE LA MONTAÑA"
,"IE PEDREGAL ALTO - SEDE PRINCIPAL"
"4754","COLEGIO SEMINARIO DIOCESANO"
,"INSTITUCION EDUCATIVA SAN MARTÍN DE TOURS"
"675405","COLEGIO TECNICO MUNICIPAL FRANCISCO DE PAULA SANTANDER"
"147850","GIMNASIO MODERNO SANTA SOFIA"
"736454","COLEGIO TECNICO MUNICIPAL SIMÓN BOLIVAR"
"38745","IE SAN JOSE DE LA FLORIDA - SEDE PRINCIPAL"
"607606","CENT EDUC COL GIMNASIO SANTANDER"
"170803","COLEGIO CORPORACION SANTO DOMINGO"
"30015","LIC NAL JOSE JOAQUIN CASAS"
"5207","COL DE EDUC PREESC BAS Y MEDIA TEC VALLE DE TENZA"
"67686","I.E. NICOLAS CUERVO Y ROJAS - SEDE PRINCIPAL"
"24828","IE TEC Y ACAD ANTONIO NARIÑO - SEDE PRINCIPAL"
"28530","COLEGIO SALESIANO MALDONADO"
"4846","CARLOS ARTURO TORRES SEDE CENTRAL"
"33159","IE DE EDUC BAS Y MEDIA TEC JOSE ANTONIO PAEZ - SEDE PRINCIPAL"
"151217","COL DE EDUC BAS CASCAJAL"
"608661","INSTITUCION EDUCATIVA MARIA MONTESSORI - SEDE PRINCIPAL"
"149955","IE TECNICA LA AMISTAD - SEDE PRINCIPAL"
"153783","INSTITUCION EDUCATIVA TECNICA DE MONGUI"
"120659","IE PUERTO PINZON - SEDE PRINCIPAL"
"91439","I.E. TECNICO INDUSTRIAL MARISCAL SUCRE - SEDE PRINCIPAL"
"155598","I.E. INTEGRADO - SEDE PRINCPAL"
,"I.E. DE CERINZA - SEDE PRINCIPAL"
"165092","INSTITUCION EDUCATIVA EL ROSARIO"
"6420","INST. GESTION INFORMATICA Y GUIA ACADEMICA - GIGA"
"734236","I.E. TECNICA ZULIA DE MARIPI - SEDE PRINCIPAL"
,"IE NAGUATA - SEDE PRINCIPAL"
,"INST. GESTION INFORMATICA Y GUIA ACADEMICA - GIGA"
"1525","INSTITUCION EDUCATIVA AGROINDUSTRIAL FRANCISCO MEDRANO"
,"I.E.T DE PANQUEBA - SEDE PRINCIPAL"
"173807","COLEGIO CAMPESTRE SAN DIEGO - SEDE PRINCIPAL"
"744110","RUNTA ABAJO"
"45807","I.E. SAN LUIS BELTRAN - SEDE PRINCIPAL"
"112532","COLEGIO DE EDUCACION FORMAL FLEXIBLE SAN MATEO"
"27110","IE TEC AGROPECUARIO - SEDE PRINCIPAL"
"131185","RUNTA ABAJO"
"5439","IE NUEVA GENERACION - SEDE PRINCIPAL"
"175182","I.E. GENERAL SANTANDER"
"161075","IE NSTRA SRA DE LA CANDELARIA - SEDE PRINCIPAL"
"67991","IE SAN PEDRO CLAVER- SEDE PRINCIPAL"
"5157","COL JOSE SANTOS GUTIERREZ"
"60103","I.E. MARÍA AUXILIADORA - SEDE PRINCIPAL"
"607911","COLEGIO COLOMBO BRITANICO"
"51722","I.E.T. AGROINDUSTRIAL CUSAGUI - SEDE PRINCIPAL"
"33126","INST TÉCNICO AGROP DE VIRACACHÁ"
"60095","INST TÉCNICO AGROP"
"57174","INSTITUCIÓN EDUCATIVA NUESTRA SEÑORA DE MORCA"
"102517","COL DE ED BAS Y MED TEC NSTRA SRA DE LA O"
"5405","INDALECIO VASQUEZ"
"162867","I.E. DE DESARROLLO TECNOLÓGICO AGROPECUARIO - SEDE PRINCIPAL"
"154831","COL SAN MIGUEL ARCANGEL"
"5199","I.E.T. SAN DIEGO DE ALCALA - SEDE PRINCIPAL"
"27201","COL NRTA SRA DEL ROSARIO"
"159269","I.E. CASCAJAL - SEDE PRINCIPAL"
,"I.E. PLINIO MENDOZA NEIRA - SEDE PRINCIPAL"
"152033","I.E. CONCHA MEDINA DE SILVA - SEDE PRINCIPAL"
"154278","I.E. SAN ANTONIO - SEDE PRINCIPAL"
"161422","COLEGIO NACIONALIZADO DE BACHILLERATO AGROPECUARIO"
,"ASIS"
"111138","I.E. SUSANA GUILLEMIN - SEDE PRINCIPAL"
,"IE RAMON BARRANTES - SEDE PRINCIPAL"
"5744","I.E. TECNICA INDUSTRIAL ANTONIO RICAURTE - SEDE PRINCIPAL"
"111138","INST SOLUCION EDUCATIVA SOLED"
"148551","IE HATOVIEJO - SEDE PRINCIPAL"
"37671","I.E. TECNICA SAN BARTOLOME - SEDE PRINCIPAL"
"4754","COLEGIO DE BOYACA"
"45849","EDIFICIO CALLE 18"
"168724","I E NSTRA SRA DE LA NAVAL"
"36608","IE SERGIO CAMARGO - SEDE PRINCIPAL"
"708420","INSTITUCION EDUCATIVA MARCO ANTONIO QUIJANO RICO"
"159335","I.E. REGIÓN SUR DE AQUITANIA - SEDE PRINCIPAL"
"5280","I.E.T. LISANDRO CELY - SEDE PRINCIPAL"
"159764","IE SAN ANTONIO - SEDE PRINCIPAL"
"149740","IE PEDREGAL ALTO - SEDE PRINCIPAL"
"164715","COL EDUC BAS SOCHAQUIRA ABAJO"
"747931","I.E. TECNICA ANTONIO NARIÑO - SEDE PRINCIPAL"
"83212","I.E. TÉCNICA LAS MERCEDES - SEDE PRINCIPAL"
"138776","I.E. SAN LUIS BELTRAN - SEDE PRINCIPAL"
,"I.E.T. COMERCIAL - SEDE PRINCIPAL"
"708842","INSTITUTO TECNICO SANTO TOMAS DE AQUINO SEDE BACHILLERATO"
"79491","I.E. INDALECIO VASQUEZ  - SEDE PRINCIPAL"
,"INSTITUCION EDUCATIVA COLEGIO DE SUGAMUXI"
"130773","INSTITUCION EDUCATIVA COLEGIO EMPRESARIAL DE BOYACA - SEDE PRINCIPAL"
,"IE TEC JOSE IGNACIO DE MARQUEZ - SEDE PRINCIPAL"
"134692","COLEGIO DE EDUCACION FORMAL FLEXIBLE SAN MATEO"
,"IE PABLO VI - SEDE PRINCIPAL"
,"GIMNASIO CAMPESTRE DEL NORTE"
"111732","COLEGIO NUEVA INGLATERRA - SEDE PRINCIPAL"
,"COL NAL LA SALLE"
"91454","INSTITUCION EDUCATIVA TECNICO INDUSTRIAL GUSTAVO JIMENEZ"
"30247","I.E. TECNICA INDUSTRIAL - SEDE PRINCIPAL"
"116160","LOS LIBERTADORES"
"29595","I.E. ENRIQUE SUAREZ - SEDE PRINCIPAL"
"28035","I.E. ANTONIO NARIÑO - SEDE PRINCIPAL"
"5363","IE ARMANDO SOLANO"
"113803","I.E. SAN ISIDRO - SEDE PRINCIPAL"
"84038","COL FRANCISCO JOSE DE CALDAS"
"142141","INSTITUCION EDUCATIVA MARCO ANTONIO QUIJANO RICO"
"5645","IE TEC JOSE BENIGNO PERILLA - SEDE PRINCIPAL"
"5710","INST INTEG NZADO DIEGO DE TORRES"
"190975","COL EDUC BAS Y MEDIA NUEVA ESPERANZA"
"135160","INSTITUTO DE EDUCACION FORMAL COMFABOY - SEDE PRINCIPAL"
"102525","IE CASILDA ZAFRA"
,"IE DE EDUC BAS Y MEDIA TEC JOSE ANTONIO PAEZ - SEDE PRINCIPAL"
"27722","I.E. SAZA - SEDE PRINCIPAL"
"0","IE DE EDUC BAS Y MEDIA TEC JOSE ANTONIO PAEZ - SEDE PRINCIPAL"
,"CENTRO DE INVESTIGACIONES PEDAGÓGICAS  RAYUELA"
"660092","I.E.TÉCNICA ENRIQUE OLAYA HERRERA - SEDE PRINCIPAL"
"47332","IE PANAMERICANO PUENTE BOYACA - SEDE PRINCIPAL"
"136606","I.E. SAMUEL IGNACIO SANTAMARIA - SEDE PRINCIPAL"
"748053","I.E. TECNICA JAIME CAMPOS JACOME DE MACANAL - SEDE PRINCIPAL"
"47308","COL TEC NSTRA SRA DE LA PAZ"
"5488","COL IGNACIO GIL SANABRIA"
"5264","INST AGRICOLA DE MACANAL"
"64865","I.E. TECNICA PEDRO JOSE SARMIENTO - SEDE PRINCIPAL"
"196113","COLEGIO MI PEQUE¿O MUNDO"
"4895","INST DE PROM SOC NSTRA SRA DEL ROSARIO"
"108233","IE RAMON BARRANTES - SEDE PRINCIPAL"
"159467","COL DE EDUC BAS LAS CAÑAS"
"105601","IE SAN MARCOS - SEDE PRINCIPAL"
"168427","IE JOSE ANTONIO GALAN - SEDE PRINCIPAL"
"159095","I.E. SAN MIGUEL - SEDE PRINCIPAL"
,"COLEGIO DE EDUCACION FORMAL FLEXIBLE SAN MATEO"
"151266","IE COL DE EDUC BAS MARCO AURELIO VARGAS"
,"IE TEC AGROPECUARIO - SEDE PRINCIPAL"
"6282","I.E.T. AGROPECUARIA SAN RAFAEL - SEDE PRINCIPAL"
,"COLEGIO SANTA TERESITA"
"47266","I.E. DE BOYACA - SEDE PRINCIPAL"
"4960","I.E.T. COMERCIAL SAGRADO CORAZON DE JESÚS - SEDE PRINCIPAL"
"666503","IE SIMON BOLIVAR - SEDE PRINCIPAL"
"49494","IE RIO DE PIEDRAS - SEDE PRINCIPAL"
"158600","COL DE EDUC BAS LLANO GRANDE"
"64188","IE TEC LA LIBERTAD - SEDE PRINCIPAL"
"107078","COLEGIO JOSE ANTONIO GALAN"
"153841","IE CASILDA ZAFRA"
"148502","SEDE SAN LUIS"
"155226","IE RIO DE PIEDRAS - SEDE PRINCIPAL"
"128538","IE JORGE ELIECER GAITAN - SEDE PRINCIPAL"
"141804","COL DE VERDE ALBARRACIN"
,"I.E. SILVINO RODRIGUEZ CENTRAL"
,"I.E. NUESTRA SEÑORA DE LA ANTIGUA - SEDE PRINCIPAL"
,"IE DE SORA - SEDE PRINCIPAL"
,"I.E. SAN PEDRO CLAVER - SEDE PRINCIPAL"
,"IE TEC SAN IGNACIO - SEDE PRINCIPAL"
"734384","I.E. TECNICA AGROPECUARIA - SEDE PRINCIPAL"
"157321","COLEGIO TECNICO MUNICIPAL SIMÓN BOLIVAR"
"96685","COL MILITAR CORONEL FRAY JOSE IGNACIO MARIÑO"
"30189","COL. NUESTRA SEÑORA DE FÁTIMA"
"5421","IE NORMAL SUPERIOR - SEDE PRINCIPAL"
"334730","IE GUANEGRO - SEDE PRINCIPAL"
"158485","I.E. JESUS EMILIO JARAMILLO MONSALVE - SEDE PRINCIPAL"
"57711","ASIS"
"134569","INSTITUCION EDUCATIVA MAGDALENA"
"27201","IE TEC NSTRA SEÑORA DEL ROSARIO - SEDE PRINCIPAL"
"54593","IE SIMON BOLIVAR - SEDE PRINCIPAL"
"713008","COLEGIO BILINGÜE OXFORD - SEDE PRINCIPAL"
"37630","COLEGIO GRAN COLOMBIA"
"164764","COL DE EDUC BAS REAVITA"
"158741","IE VADO CASTRO - SEDE PRINCIPAL"
"120675","ESC CAPILLA N° 1"
"5041","INS ED TEC Y ACAD JOSE MARIA POTIER - LA MILAGROSA"
,"INSTITUCION EDUCATIVA TECNICO INDUSTRIAL GUSTAVO JIMENEZ"
"163337","I.E. TÉCNICA NSTRA SRA DE LA PAZ  - SEDE PRINCIPAL"
"57125","COL RUR SAN ISIDRO"
"28241","IE TEC JOSE IGNACIO DE MARQUEZ - SEDE PRINCIPAL"
,"I.E.T. COMERCIAL SAGRADO CORAZON DE JESÚS - SEDE PRINCIPAL"
,"I.E. EL PRADO - SEDE PRINCIPAL"
"86272","I.E. LOPEZ QUEVEDO"
"136978","I.E.T. JOSE ACEVEDO Y GOMEZ - SEDE PRINCIPAL"
"126870","I.E. SAN FELIPE - SEDE PRINCIPAL"
"5363","I.E. ARMANDO SOLANO - SEDE PRINCIPAL"
"25593","INSTITUCION EDUCATIVA TECNICO INDUSTRIAL GUSTAVO JIMENEZ"
"57166","I.E. AGROPECUARIA - SEDE PRINCIPAL"
"196998","GIMNASIO AGUSTINIANO DE TUNJA - SEDE PRINCIPAL"
"158428","IE SUSE - SEDE PRINCIPAL"
"148288","INSTITUCION EDUCATIVA JULIUS SIEBER"
"137794","COUNTRY BILINGUAL SCHOOL - SEDE PRINCIPAL"
,"COLEGIO COLOMBO BRITANICO"
,"I.E. VALENTÍN GARCIA - SEDE PRINCIPAL"
,"IE JORGE CLEMENTE PALACIOS - SEDE PRINCIPAL"
"163725","IE TECNICO INDUSTRIAL - SEDE PRINCIPAL"
"151332","COL EDUC BAS LOS LIBERTADORES"
,"INSTITUTO TECNICO SANTO TOMAS DE AQUINO SEDE BACHILLERATO"
,"COL DULCE CORAZON DE MARIA"
,"I.E.T. DE FIRAVITOBA - SEDE PRINCIPAL"
,"INSTITUTO TECNICO SAN ANTONIO DE PADUA - SEDE PRICIPAL"
"724153","INSTITUTO TECNICO GONZALO SUAREZ RENDON CENTRAL"
"5413","I.E. TECNICA JOSE IGNACIO DE MARQUEZ - SEDE PRINCIPAL"
"751925","I.E. FRANCISCO DE PAULA SANTANDER - SEDE PRINCIPAL"
"724971","CARLOS ARTURO TORRES SEDE CENTRAL"
"5397","I.E. TECNICA INDUSTRIAL Y MINERA - SEDE PRINCIPAL"
"40501","IE DE SORA - SEDE PRINCIPAL"
"168468","IE TEC RAFAEL URIBE - SEDE PRINCIPAL"
"27847","I.E. ANTONIO NARIÑO - SEDE PRINCIPAL"
"608497","I.E. SAGRADA FAMILIA"
"102525","IE CASILDA ZAFRA - SEDE PRINCIPAL"
"54601","I.E. SAN IGNACIO DE LOYOLA - SEDE PRINCIPAL"
"4994","COLEGIO DE EDUCACION BASICA Y MEDIA TECNICA NUESTRA SEÑORA DE NAZARETH"
"27086","COL ANTONIO RICAURTE"
"162859","I.E. SANTA ROSA - SEDE PRINCIPAL"
"5454","ESC NORMAL SUPERIOR"
"160390","I.E. SERAFIN LUENGAS CHACON - SEDE PRINCIPAL"
"104521","IE LA FLORESTA - SEDE PRINCIPAL"
"147694","COL DE EDUC BAS EL CERRO"
"57141","INSTITUTO TÉCNICO JOSÉ MIGUEL SILVA PLAZAS"
"91413","COL SOTE PANELAS"
,"RUNTA ABAJO"
"96677","INST JOSE CAYETANO VASQUEZ"
"144816","I.E. JOSE MARIA SILVA SALAZAR - SEDE PRINCIPAL"
"151639","IE IGNACIO GIL SANABRIA - SEDE PRINCIPAL"
"328716","INSTITUCION EDUCATIVA AGROINDUSTRIAL FRANCISCO MEDRANO"
"40436","COL JOSE ASUNCION SILVA"
,"I.E. TÉCNICA ZULIA DE MARIPÍ - SEDE PRINCIPAL"
"136978","INSTITUCION EDUCATIVA FRANCISCO DE PAULA SANTANDER"
"778431","COLEGIO DE BOYACA"
"49445","I.E. JUAN JOSE SAMANIEGO - SEDE PRINCIPAL"
"750604","CENTRO EDUCATIVO SAN AGUSTIN - SEDE PRINCIPAL"
"54619","I.E.T. AGROPECUARIO SANTA RITA DE CASIA - SEDE PRINCIPAL"
"169078","I.E.T. AGROPECUARIA EL MARFIL - SEDE PRINCIPAL"
"5355","IE EL ROSARIO"
"151407","ESC CIENEGA BALVANERA"
"5231","COL TEC CIAL"
"48173","COL DE EDUC BAS Y MEDIA TEC LOPEZ QUEVEDO"
"149955","COL BAS MUÑOCES Y CAMACHOS"
"106963","INSTITUCION EDUCATIVA EMPRESARIALY AGROINDUSTRIAL LOS ANDES INSEANDES"
"160408","I.E. JUAN JOSE SAMANIEGO - SEDE PRINCIPAL"
"162313","I.E. NORMAL SUPERIOR SOR JOSEFA DEL CASTILLO Y GUEVARA - SEDE PRINCIPAL"
"116541","CENTRO JUVENIL CAMPESINO FELIX GLOOR"
"148668","COL DE EDUC BAS LA GRANJA"
"163246","I.E. SAN JOSE DE NAZARETH - SEDE PRINCIPAL"
"96701","IE JUAN BAUTISTA MARIA VIANNEY"
"741447","I.E. AGROINDUSTRIAL LA PRADERA - SEDE PRINCIPAL"
"608125","LICEO COLOMBO INGLES  CI  - SEDE PRINCIPAL"
"5728","INST TEC AGROPECUARIO"
"5751","I E TEC AGROP LIBARDO CUERVO PATARROYO"
"160531","COL EDUC BAS TELEPALMERITAS"
,"COLEGIO SUAMOX"
"108316","I.E.T. DE NOBSA - SEDE PRINCIPAL"
"160218","COL DE EDUC BAS MIRAFLORES"
,"I.E. EL CERRO - SEDE PRINCIPAL"
"159269","COL DE EDUC BAS CASCAJAL"
"54627","SEDE CENTRAL"
,"IE ADOLFO MARIA JIMENEZ - SEDE PRINCIPAL"
,"IE SAN JOSE DE LA FLORIDA - SEDE PRINCIPAL"
"1908","COLEGIO SALESIANO MALDONADO"
,"INSTITUCION EDUCATIVA AGROINDUSTRIAL FRANCISCO MEDRANO"
"132787","JULIA FLÓREZ"
"81885","I.E. ESCUELA NORMAL SUPERIOR - SEDE PRINCIPAL"
"37655","I.E. NUESTRA SEÑORA DE LA ANTIGUA - SEDE PRINCIPAL"
"27631","I.E. TECNICA SAN IGNACIO - SEDE PRINCIPAL"
"119255","COLEGIO CIUDAD DEL SOL"
"49452","COL DE EDUC BAS Y MEDIA TEC EL CHARCO"
"81844","INSTITUTO TECNICO GONZALO SUAREZ RENDON CENTRAL"
"5371","I.E.T AGRICOLA - SEDE PRINCIPAL"
"168468","INST TEC AGRICOLA"
"154245","I.E. GENERAL SANTANDER - SEDE PRINCIPAL"
"125187","""""""CENTRO DE DESARROLLO HUMANO """"""""CEDHU"""""""""""""""
"24794","COLEGIO SAN PEDRO CLAVER"
"120667","IE TEC SIMONA AMAYA- SEDE PRINCIPAL"
"5660","IE NSTRA SRA DEL CARMEN - SEDE PRINCIPAL"
"157701","I.E. TECNICO INDUSTRIAL MARCO AURELIO BERNAL - SEDE PRINCIPAL"
"153536","I.E. TECNICO INDUSTRIAL JULIO FLOREZ - SEDE PRINCIPAL"
"120691","COL DE EDUCACION BAS HERNANDO GELVEZ SUAREZ"
"155135","I.E. SAN FELIPE - SEDE PRINCIPAL"
"340430","SEDE SAN RAFAEL"
"707356","I.E. JUAN JOSE NEIRA - SEDE PRINCIPAL"
"157677","IE MARIANO OSPINA PEREZ - SEDE PRINCIPAL"
,"INSTITUCION EDUCATIVA POLITECNICO ALVARO GONZALEZ SANTANA"
"101493","IE SAN JOSE DE LA FLORIDA - SEDE PRINCIPAL"
,"I.E. DE DESARROLLO TECNOLÓGICO AGROPECUARIO - SEDE PRINCIPAL"
"738773","INSTITUTO TECNICO NUEVA FAMILIA - SEDE PRINCIPAL"
"30262","I.E. SAN MARCOS - SEDE PRINCIPAL"
"5199","I.E. TECNICA SAN DIEGO DE ALCALA - SEDE PRINCIPAL"
"34736","I.E.T. ALEJANDRO DE HUMBOLDT - SEDE PRINCIPAL"
"96651","COL DE SALAMANCA"
"5322","I.E. ANTONIO NARIÑO - SEDE PRINCIPAL"
"167270","LICEO CAMPESTRE FRAY ARTURO AYALA - SEDE PRINCIPAL"
"106997","COLTEC AGROP PUERTO SERVIEZ"
"155416","IE CASILDA ZAFRA - SEDE PRINCIPAL"
"132019","COL ANTONIA SANTOS"
"151639","COL IGNACIO GIL SANABRIA"
"161760","I.E. LOPEZ QUEVEDO"
"157891","COL DE EDUC BAS SAN ISIDRO"
"154807","ESC NORMAL SUPERIOR"
"608836","COLEGIO SUAMOX"
"137448","COL DULCE CORAZON DE MARIA"
"169052","COL DE EDUC BAS TUANECA ARRIBA"
,"COLEGIO TECNICO MUNICIPAL FRANCISCO DE PAULA SANTANDER"
"0","COLEGIO MAYOR LEON XIII"
,"I.E. JUAN JOSE SAMANIEGO - SEDE PRINCIPAL"
,"I.E.T. JOSE ACEVEDO Y GOMEZ - SEDE PRINCIPAL"
,"COLEGIO MAYOR LEON XIII"
"714691","INSTITUTO SAN MARTIN"
"120659","I.E. PUERTO PINZON - SEDE PRINCIPAL"
"151217","I.E. CASCAJAL - SEDE PRINCIPAL"
"153387","INSTITUCION EDUCATIVA SILVESTRE ARENAS"
"32243","COLEGIO MILITAR CORONEL JUAN JOSE RONDON"
"32078","INSTITUTO TECNICO SANTO TOMAS DE AQUINO SEDE BACHILLERATO"
"134049","IE AGROP EL ESCOBAL - SEDE PRINCIPAL"
"55467","IE JORGE ELIECER GAITAN - SEDE PRINCIPAL"
"162859","ESC SANTA ROSA"
"86355","COL JUANA CAPORAL"
"5199","COL TEC AGROP"
"165837","COLEGIO NUEVA INGLATERRA"
"45807","COL SAN LUIS BELTRAN"
,"LICEO CAMPESTRE FRAY ARTURO AYALA - SEDE PRINCIPAL"
,"I.E. SAN LUIS BELTRAN - SEDE PRINCIPAL"
"57125","IE SAN ISIDRO - SEDE PRINCIPAL"
"608513","IE JUAN BAUTISTA MARIA VIANNEY"
"54585","IE TEC PANTANO DE VARGAS"
"675645","I.E.T. DE NAZARETH - SEDE PRINCIPAL"
"224014","I.E. MARCO AURELIO BERNAL - SEDE PRINCIPAL"
"54635","COL TEC AGROP DE PALERMO"
"5165","INST NZADO BTO TEC CIAL"
"171298","IE JOHN F. KENNEDY - SEDE PRINCIPAL"
"81893","COL TEC TOMAS VASQUEZ RODRIGUEZ"
"702746","SEDE AGROPECUARIA JORGE EDUARDO LONDOÑO ULLOA"
"5686","INST EDUCATIVA GUSTAVO ROMERO HERNANDEZ"
"86223","I.E. SAN ANTONIO - SEDE PRINCIPAL"
"86223","I.E. TECNICA AGROPECUARIA SAN ANTONIO - SEDE PRINCIPAL"
"159830","I.E. TECNICA ANTONIO RICAURTE - SEDE PRINCIPAL"
"164798","EL HATO"
"156687","COL EDUC BAS CEBADAL"
"5371","INST TEC AGRICOLA"
"197681","GIMNASIO CRISTIANO JESUCRISTO ES EL REY - SEDE PRINCIPAL"
"61978","IE DIEGO DE TORRES - SEDE PRINCIPAL"
,"COL. NUESTRA SEÑORA DE FÁTIMA"
,"IE CARLOS JULIO UMAÑA TORRES - SEDE PRINCIPAL"
"116160","I.E.T. SANTA CRUZ DE MOTAVITA - SEDE PRINCIPAL"
"111138","I.E.T. CARLOS ALBERTO OLANO VALDERRAMA - SEDE PRINCIPAL"
"86231","CENTRO EDUCATIVO SAN AGUSTIN - SEDE PRINCIPAL"
"24810","I.E. TECNICA JOSE GABRIEL CARVAJAL GARCIA - SEDE PRINCIPAL"
"57133","COLEGIO JESUS EUCARISTIA"
"136887","COL JOSE ASUNCION SILVA"
"5488","IE IGNACIO GIL SANABRIA - SEDE PRINCIPAL"
"134049","COL BAS EL ESCOBAL"
"107359","COLEGIO BOLIVARIANO"
,"IE CARLOS ARTURO TORRES PEÑA - SEDE PRINCIPAL"
"154153","I.E. JUAN DE JESÚS ACEVEDO - SEDE PRINCIPAL"
"64162","I.E. ACADEMICO DE PAIPA"
"150037","I.E. TECNICA Y ACADEMICA ANTONIO NARIÑO - SEDE PRINCIPAL"
"27631","IE TEC SAN IGNACIO - SEDE PRINCIPAL"
"111724","IE EL CHAPETON - SEDE PRINCIPAL"
,"I.E. TECNICO INDUSTRIAL MARISCAL SUCRE - SEDE PRINCIPAL"
"86256","I.E. JOSE SANTOS GUTIERREZ - SEDE PRINCIPAL"
,"I.E.T PANTANO DE VARGAS - SEDE PRINCIPAL"
"159095","ESC SAN MIGUEL"
,"I.E. PABLO VALETTE - SEDE PRINCIPAL"
,"IE HECTOR JULIO GOMEZ - SEDE PRINCIPAL"
,"IE NORMAL SUPERIOR - SEDE PRINCIPAL"
"86231","COL. NUESTRA SEÑORA DE FÁTIMA"
"136978","INSTITUCION EDUCATIVA SAN MARTÍN DE TOURS"
"698654","I.E.T. AGROPECUARIA SAN RAFAEL - SEDE PRINCIPAL"
"148668","I.E. TECNICA AGROPECUARIA LA GRANJA - SEDE PRINCIPAL"
"96586","COL COOP COOSERVICIOS"
"67728","I.E.T. SAN PEDRO DE IGUAQUE - SEDE PRINCIPAL"
"142349","COLEGIO NUESTRA SEÑORA DE GUADALUPE"
"5728","IE TEC AGROPECUARIA - SEDE PRINCIPAL"
"5249","COL NAL LA SALLE"
"33134","IE PABLO VI - SEDE PRINCIPAL"
"47274","COL JOSE MARIA SILVA SALAZAR"
"33159","COL EDUC BAS Y MEDIA TEC NICA JOSE ANTONIO PAEZ"
"5033","COL NZADO DE BTO AGROP"
"81877","COLEGIO SUAMOX"
"148338","COL DE EDUCAC BAS MEDIA STA BARBARA"
,"CENTRO DE ENSEÑANZA PRECOZ CAMINO AL SABER"
,"I.E.T NACIONALIZADO DE PAUNA - SEDE PRINCIPAL"
"2533","INSTITUCION EDUCATIVA TECNICO INDUSTRIAL GUSTAVO JIMENEZ"
"161430","IE DE EDUC BAS Y MEDIA TEC JOSE ANTONIO PAEZ - SEDE PRINCIPAL"
,"INSTITUCION EDUCATIVA GUSTAVO ROJAS PINILLA CENTRAL"
,"COLEGIO SAN JOSE DE CALASANZ"
"749796","I.E. SAN MARCOS - SEDE PRINCIPAL"
"159335","I.E. REGION SUR DE AQUITANIA - SEDE PRINCIPAL"
,"IE SAN PEDRO CLAVER- SEDE PRINCIPAL"
"160416","I.E. NUESTRA SEÑORA DEL CARMEN - SEDE PRINCIPAL"
"29736","INSTITUCION EDUCATIVA INTEGRADO JOAQUIN GONZALEZ CAMARGO"
"133108","INST SOLUCION EDUCATIVA SOLED"
,"IE SANTA BARBARA - SEDE PRINCIPAL"
,"COLEGIO DE BACHILLERATO NUEVA ESPERANZA"
"174490","I.E.T. DE NOBSA - SEDE PRINCIPAL"
"5611","INSTITUCION EDUCATIVA INTEGRADO JOAQUIN GONZALEZ CAMARGO"
"33134","I.E. TECNICA PABLO VI - SEDE PRINCIPAL"
"5538","IE TECNICA FRANCISCO JOSE DE CALDAS - SEDE PRINCIPAL"
"5595","COLEGIO NUESTRA SEÑORA DEL ROSARIO"
"5405","I.E. INDALECIO VASQUEZ  - SEDE PRINCIPAL"
"732941","INSTITUCION EDUCATIVA NUEVA GRANADA - SEDE PRINCIPAL"
"675728","I.E. EL ROSARIO - SEDE PRINCIPAL"
"140764","COLEGIO JESUS MAESTRO"
"154161","I.E. JAIME RUIZ CARRILLO - SEDE PRINCIPAL"
"64162","IE ACAD DE PAIPA"
"128330","I.E. PIJAOS - SEDE PRINCIPAL"
"5322","I.E. TECNICA ANTONIO NARIÑO - SEDE PRINCIPAL"
"5454","I.E. NORMAL SUPERIOR - SEDE PRINCIPAL"
"130831","COLEGIO CORPORACIÓN SANTO DOMINGO - SEDE PRINCIPAL"
"71449","SECCION BACHILLERATO"
"24778","I.E.T. DE FIRAVITOBA - SEDE PRINCIPAL"
"183079","COL DE ED BAS Y MED TEC NSTRA SRA DE LA O"
"661132","IE TEC AGROPECUARIO - SEDE PRINCIPAL"
"740910","INSTITUCION EDUCATIVA MAGDALENA"
"49494","COL TEC RIO DE PIEDRAS"
"675173","ESC SAN JOSE DE LA MONTAÑA"
"49437","COL TECN AGRIC ANTONIO NARIÑO"
"101253","COL EDUC BAS SIMON BOLIVAR"
"140764","PRINCIPAL INTEGRADO"
"96636","COLEGIO COLOMBO BRITANICO"
"5108","COLEGIO SEMINARIO DIOCESANO"
"100305","COLEGIO DE EDUCACION FORMAL FLEXIBLE SAN MATEO"
"740548","I.E. NORMAL SUPERIOR SAGRADO CORAZON - SEDE PRINCIPAL"
"71423","INSTITUCION EDUCATIVA TECNICO DE BELLAS ARTES"
"64212","I.E. TECNICA PIO MORANTES - SEDE PRINCIPAL"
"30262","IE SAN MARCOS - SEDE PRINCIPAL"
"148296","IE ALBERT EINSTEIN"
"27722","INSTITUCION EDUCATIVA"
"167718","COL DIVINO NIÑO DE CORMAL"
"60111","I.E.T. AGROPECUARIA EL MARFIL - SEDE PRINCIPAL"
"57166","COL DEPTAL AGROP SECUNDARIA"
"71456","I.E. TECNICA SAN BARTOLOME - SEDE PRINCIPAL"
"89730","COL NZADO DE PAUNA"
"5561","COLEGIO COOPERATIVO DE TRABAJADORES DE ACERIAS PAZ DEL RIO"
"147959","I.E. DE CERINZA - SEDE PRINCIPAL"
,"COL MILITAR CORONEL FRAY JOSE IGNACIO MARIÑO"
,"I.E. SANTA ROSA - SEDE PRINCIPAL"
,"I.E.TÉCNICA ENRIQUE OLAYA HERRERA - SEDE PRINCIPAL"
"324996","ESC SAN JUAN DE MOMBITA"
,"INSTITUCIÓN EDUCATIVA ANGLO AMERICANO"
,"COLEGIO SALESIANO"
"96727","INSTITUCION EDUCATIVA TECNICO INDUSTRIAL GUSTAVO JIMENEZ"
,"I.E. JORGE ELIECER GAITAN - SEDE PRINCIPAL"
"86231","COLEGIO DE EDUCACION FORMAL FLEXIBLE SAN MATEO"
,"I.E.T. AGRICOLA - SEDE PRINCIPAL"
"5090","COLEGIO SALESIANO"
"45443","IE TECNICO INDUSTRIAL - SEDE PRINCIPAL"
"5587","INSTITUCION EDUCATIVA COLEGIO DE SUGAMUXI"
"763441","I.E. TECNICA NACIONALIZADA DE SAMACA - SEDE PRINCIPAL"
"60046","I.E. SUAZAPAWA - SEDE PRINCIPAL"
"4929","I.E.T. MANUEL BRICEÑO - SEDE PRINCIPAL"
"5223","I.E. NORMAL SUPERIOR NTRA SRA DEL ROSARIO - SEDE PRINCIPAL"
"120691","I.E. HERNANDO GELVEZ SUAREZ - SEDE PRINCIPAL"
"86314","I.E EL CRUCE"
"183442","COL DIVINO NIÑO DE CORMAL"
"662734","I.E.T. AGROPECUARIO LA ESMERALDA - SEDE PRINCIPAL"
"725077","I.E. NORMAL SUPERIOR - SEDE PRINCIPAL"
,"I.E.T. LISANDRO CELY - SEDE PRINCIPAL"
"29595","INST TEC CIAL ENRIQUE SUAREZ"
,"I.E. JOSE JOAQUIN CASAS - SEDE PRINCIPAL"
"165100","INSTITUCION EDUCATIVA EL ROSARIO"
"607564","COL DE ED. BASICA LEV VYGOTSKI"
,"CENTRO EDUCATIVO JUAN DE LA SALLE"
,"I.E. JUAN JOSE REYES PATRIA - SEDE PRINCIPAL"
"71464","COL TEC TOMAS VASQUEZ RODRIGUEZ"
,"I.E.T AGRICOLA - SEDE PRINCIPAL"
,"I.E.T. SERGIO CAMARGO - SEDE PRINCIPAL"
,"I.E.T. MANUEL BRICEÑO - SEDE PRINCIPAL"
"18350","I.E. ANTONIO NARIÑO - SEDE PRINCIPAL"
,"I.E. LOPEZ QUEVEDO"
"0","I.E. JOSE JOAQUIN CASAS - SEDE PRINCIPAL"
"120675","IE LUIS CARLOS GALAN - SEDE PRINCIPAL"
"736009","INSTITUTO TÉCNICO JOSÉ MIGUEL SILVA PLAZAS"
"5074","I.E. INTEGRADO - SEDE PRINCPAL"
"608745","COLEGIO CELCO"
"40436","I.E. TECNICA NACIONALIZADA PABLO VI - SEDE PRINCIPAL"
"5173","I.E.T. SAN LUIS - SEDE PRINCIPAL"
"40469","COLEGIO BOYACA DE DUITAMA SEDE BACHILLERATO"
"5264","I.E. TECNICA JAIME CAMPOS JACOME DE MACANAL - SEDE PRINCIPAL"
"5058","I.E. NORMAL SUPERIOR SAGRADO CORAZÓN - SEDE PRINCIPAL"
"40501","INSTITUCION EDUCATIVA DE SORA"
"180570","GIMNASIO CAMPESTRE EL BOSQUE"
"116541","""LICEO HOLCIM """"EDUCAMOS PARA LA INNOVACION Y EL EMPRENDIMIENTO"""""""
"135814","IE CONCHA MEDINA DE SILVA"
"171702","ESC SIDERURGICA"
"128637","COL LA LIBERTAD (SEDE GACAL)"
"195628","LICEO MODERNO SAN SEBASTIAN - SEDE PRINCIPAL"
"150920","COL BAS SAZA"
"86264","I.E. TECNICA JOSE IGNACIO DE MARQUEZ - SEDE PRINCIPAL"
"86264","INS TEC JOSE IGNACIO DE MARQUEZ"
"717611","INSTITUCION EDUCATIVA COLEGIO EMPRESARIAL DE BOYACA - SEDE PRINCIPAL"
,"I.E. DE BOYACA - SEDE PRINCIPAL"
"7546","COLEGIO DE EDUCACION FORMAL FLEXIBLE SAN MATEO"
,"I.E. AGRICOLA ANTONIO NARIÑO - SEDE PRINCIPAL"
,"I.E. HAYDEE CAMACHO SAAVEDRA - SEDE PRINCIPAL"
"730945","I.E. JOSE MARIA SILVA SALAZAR - SEDE PRINCIPAL"
"754648","I.E. TECNICA AGRICOLA - SEDE PRINCIPAL"
"5207","I.E. VALLE DE TENZA - SEDE PRINCIPAL"
"4788","COLEGIO NUESTRA SEÑORA DEL ROSARIO"
"194951","COL COOPTEBOY"
"126870","CENTRO EDUCATIVO SAN AGUSTIN - SEDE PRINCIPAL"
"169748","INST. GESTION INFORMATICA Y GUIA ACADEMICA - GIGA"
"37655","COL NTRA SRA DE LA ANTIGUA"
"5751","IE LIBARDO CUERVO PATARROYO - SEDE PRINCIPAL"
"166900","BUTAGÁ"
"47274","I.E. JOSE MARIA SILVA SALAZAR - SEDE PRINCIPAL"
"5074","IE COL NZADO INTEGD"
"71456","IE TEC SAN BARTOLOME - SEDE PRINCIPAL"
"160564","I.E. JUAN JOSE REYES PATRIA - SEDE PRINCIPAL"
,"INSTITUCION EDUCATIVA INTEGRADO JOAQUIN GONZALEZ CAMARGO"
,"COUNTRY BILINGUAL SCHOOL - SEDE PRINCIPAL"
"169821","I.E. NUESTRA SEÑORA DE LA ANTIGUA - SEDE PRINCIPAL"
,"I.E. NACIONALIZADA TECNICA AGROPECUARIA CAMPOHERMOSO - SEDE PRINCIPAL"
"99341","IE TEC ANTONIO NARIÑO - SEDE PRINCIPAL"
,"CENTRO JUVENIL AMIGONIANO BOYACÁ - SEDE PRINCIPAL"
"31500","I.E.T. DE NAZARETH - SEDE PRINCIPAL"
"159848","I.E. TECNICA ANTONIO RICAURTE - SEDE PRINCIPAL"
"24752","ESC NORMAL SUPERIOR SOR JOSEFA DEL CASTILLO Y GUEVARA"
"5702","I.E. TECNICA RAFAEL URIBE - SEDE PRINCIPAL"
"130831","COLEGIO CORPORACIÓN SANTO DOMINGO"
"49445","COL TEC JUAN JOSE SAMANIEGO"
"30783","SECCIÓN BACHILLERATO"
"666297","I.E. SANTO DOMINGO SAVIO - SEDE PRINCIPAL"
"676270","IE NORMAL SUPERIOR VALLE DE TENZA - SEDE PRINCIPAL"
"172510","I.E. ANTONIA SANTOS - SEDE PRINCIPAL"
"141051","COL MPAL PABLO VALETTE"
"146464","ESC SUPANECA"
"161042","I.E. EL PRADO - SEDE PRINCIPAL"
"191304","COLEGIO GARCIA LORCA - SEDE PRINCIPAL"
"160549","COL DE EDUC BAS TUANECA ARRIBA"
,"INSTITUCION EDUCATIVA TECNICO DE BELLAS ARTES"
"104547","SEDE CENTRAL"
,"COLEGIO MILITAR INOCENCIO CHINCA"
,"IE TECNICA DE MONGUI - SEDE PRINCIPAL"
,"IE TEC SIMONA AMAYA- SEDE PRINCIPAL"
"2301","INSTITUTO TECNICO NUEVA FAMILIA - SEDE PRINCIPAL"
,"IE JUAN BAUTISTA MARIA VIANNEY"
"5520","I.E. TECNICA PEDRO JOSE SARMIENTO - SEDE PRINCIPAL"
"30015","I.E. JOSE JOAQUIN CASAS - SEDE PRINCIPAL"
"732511","I.E. DE CERINZA - SEDE PRINCIPAL"
"47290","I.E. JORGE ELIECER GAITAN - SEDE PRINCIPAL"
"165837","COLEGIO NUEVA INGLATERRA - SEDE PRINCIPAL"
"223974","I.E.T. DE FIRAVITOBA - SEDE PRINCIPAL"
"725226","SEDE CENTRAL"
"607978","GIMNASIO GALILEO GALILEI - SEDE PRINCIPAL"
"136978","INSTITUCION EDUCATIVA NUEVA GRANADA - SEDE PRINCIPAL"
"48173","I.E. LOPEZ QUEVEDO"
"64212","IE TEC PIO MORANTES - SEDE PRINCIPAL"
"28043","IE SAN PEDRO CLAVER- SEDE PRINCIPAL"
"133108","INSTITUTO TECNICO NUEVA FAMILIA - SEDE PRINCIPAL"
"40493","IE HECTOR JULIO GOMEZ - SEDE PRINCIPAL"
"4960","COL DE EDUC TEC CIAL SAGRADO CORAZON DE JESÚS"
"86363","COL. EDUC. BAS. Y MED. TEC. JOSE JOAQUIN ORTIZ"
"163097","I.E. SERAFIN LUENGAS CHACON - SEDE PRINCIPAL"
"711531","IE TECNICA NACIONALIZADA DE SAMACA - SEDE PRINCIPAL"
"30247","IE TEC INDUSTRIAL - SEDE PRINCIPAL"
"5306","INST TEC INTGD PROM SOCIAL"
"754135","I.E. TECNICA LOS COMUNEROS - SEDE PRINCIPAL"
"159871","COL BAS NARANJOS"
"91462","IE CARLOS ARTURO TORRES PEÑA - SEDE PRINCIPAL"
"128330","COL EDUC BASIC PIJAOS"
"54635","I.E.T AGROPECUARIA DE PALERMO - SEDE PRINCIPAL"
"161265","COL PUENTE DE PIEDRA"
"658302","LICEO MODERNO SAN SEBASTIAN - SEDE PRINCIPAL"
"96628","I.E. SUSANA GUILLEMIN - SEDE PRINCIPAL"
"112532","I.E.T. DE FIRAVITOBA - SEDE PRINCIPAL"
,"I.E. TÉCNICA CHICAMOCHA - SEDE PRINCIPAL"
"38240","IE TEC INDUSTRIAL Y MINERA - SEDE PRINCIPAL"
"26187","COLEGIO COOPERATIVO REYES PATRIA"
"153247","IE NAGUATA - SEDE PRINCIPAL"
"148858","INSTITUCION EDUCATIVA EL CRUCERO"
"33159","I.E. DE EDUCACION BASICA Y MEDIA TECNICA JOSE ANTONIO PAEZ - SEDE PRINCIPAL"
"739888","JAIME ROOK"
"144816","COL JOSE MARIA SILVA SALAZAR"
"4978","IE TECNICA PIO ALBERTO FERRO PEÑA - SEDE PRINCIPAL"
"5462","I.E. ALFONSO VANEGAS SIERRA - SEDE PRINCIPAL"
"128454","COL DULCE CORAZON DE MARIA"
"47266","COL DEPTAL MPIO DE BOYACA"
"4838","I.E. SILVINO RODRIGUEZ CENTRAL"
"5413","IE TEC JOSE IGNACIO DE MARQUEZ - SEDE PRINCIPAL"
"27086","IE ANTONIO RICAURTE - SEDE PRINCIPAL"
"28241","INST JOSE CAYETANO VASQUEZ"
"115808","INSTITUCION EDUCATIVA AGROINDUSTRIAL FRANCISCO MEDRANO"
"164715","I.E. SOCHAQUIRA ABAJO - SEDE PRINCIPAL"
,"INSTITUCION EDUCATIVA ANTONIO NARIÑO"
"150516","I.E.T. DE FIRAVITOBA - SEDE PRINCIPAL"
"5058","ESC NORMAL SUPERIOR SAGRADO CORAZON"
"47290","COL DPTAL MIX JORGE ELIECER GAITAN"
"147868","COLEGIO PEDAGOGICO LOS ALAMOS"
"193888","GIMNASIO VILLA FONTANA"
"170506","INSTITUTO POLITECNICO JOSE CELESTINO MUTIS"
,"I.E. HECTOR JULIO RANGEL QUINTERO - SEDE PRINCIPAL"
,"I.E. INTEGRADO - SEDE PRINCPAL"
"162198","I.E.T. AGRICOLA - SEDE PRINCIPAL"
"126870","COLEGIO NUESTRA SEÑORA DEL ROSARIO"
"36608","I.E. MIRAFLORES - SEDE PRINCIPAL"
"170480","IE SAN PEDRO CLAVER- SEDE PRINCIPAL"
"126870","IE RAFAEL BERNAL JIMENEZ"
"738724","I.E. SAN IGNACIO DE LOYOLA - SEDE PRINCIPAL"
"742411","I.E. TECNICA ANTONIO RICAURTE - SEDE PRINCIPAL"
"24794","IE SAN PEDRO CLAVER- SEDE PRINCIPAL"
"112631","INSTITUTO SAN MARTIN"
"81885","IE ESCUELA NORMAL SUPERIOR"
"4986","IE TECNICA PIO ALBERTO FERRO PEÑA - SEDE PRINCIPAL"
"47324","EDIFICIO CALLE 18"
"86298","I.E.T. DE NAZARETH - SEDE PRINCIPAL"
"5181","INST TEC INDUSTRIAL MARCO AURELIO BERNAL"
"36251","COL LUCAS CABALLERO CALDERON"
"86314","I.E EL CRUCE - SEDE PRINCIPAL"
"5488","I.E. TECNICA IGNACIO GIL SANABRIA - SEDE PRINCIPAL"
"35147","COLEGIO SEMINARIO MENOR DIOCESANO - SEDE PRINCIPAL"
,"INSTITUTO TECNICO NUEVA FAMILIA - SEDE PRINCIPAL"
"141382","IE RANCHO GRANDE"
,"CENTRO JUVENIL CAMPESINO FELIX GLOOR"
,"IE TECNICA PIO ALBERTO FERRO PEÑA - SEDE PRINCIPAL"
"126870","CENTRO JUVENIL EMILIANI"
"175554","COLEGIO TECNICO MUNICIPAL SIMÓN BOLIVAR"
"51755","I.E. ALFONSO VANEGAS SIERRA - SEDE PRINCIPAL"
"42309","IE NUEVA GENERACION - SEDE PRINCIPAL"
"223859","INSTITUTO TECNICO INDUSTRIAL RAFAEL REYES-DUITAMA"
"45849","ARISTOBULO ANGARITA NIÑO"
"5660","I.E. NUESTRA SEÑORA DEL CARMEN - SEDE PRINCIPAL"
"119230","IE ALBERT EINSTEIN"
"608414","INSTITUCION EDUCATIVA NUEVA ERA"
"113811","I.E. PLINIO MENDOZA NEIRA - SEDE PRINCIPAL"
"34736","COL TEC ALEJANDRO DE HUMBOLDT"
"5181","I.E. MARCO AURELIO BERNAL - SEDE PRINCIPAL"
"147694","I.E. EL CERRO - SEDE PRINCIPAL"
"5041","SEDE LA MILAGROSA"
,"""CENTRO DE DESARROLLO HUMANO """"CEDHU"""""""
"5512","IE JUAN JOSE RONDON - SEDE PRINCIPAL"
"145029","COL DE EDUCACION BAS LA LAJA"
"666271","I.E. JOSE CAYETANO VASQUEZ - SEDE PRINCIPAL"
"67736","IE JUAN PABLO II - SEDE PRINCIPAL"
"91496","IE NUEVA ESPERANZA  - SEDE PRINCIPAL"
"132027","SEDE SASA"
,"IE TECNICA FRANCISCO JOSE DE CALDAS - SEDE PRINCIPAL"
"720086","COLEGIO NUEVA GRANADA - SEDE PRINCIPAL"
"608992","INSTITUCION EDUCATIVA MANUEL ANTONIO FLOREZ"
,"IE TEC AGROPECUARIA - SEDE PRINCIPAL"
,"IE RAFAEL BERNAL JIMENEZ"
,"I.E. JOSE CAYETANO VASQUEZ - SEDE PRINCIPAL"
,"I.E.T. AGROINDUSTRIAL CUSAGUI - SEDE PRINCIPAL"
"111153","EDIFICIO CALLE 18"
"5421","IE GARAVITO - SEDE PRINCIPAL"
,"COLEGIO BOSTON"
"19155","I.E.T. DE NOBSA - SEDE PRINCIPAL"
"735506","I.E. TECNICA LA LIBERTAD - SEDE PRINCIPAL"
"150920","I.E. SAZA - SEDE PRINCIPAL"
"32086","I.E. TECNICA CARLOS JULIO UMAÑA TORRES - SEDE PRINCIPAL"
"168468","I.E. TECNICA RAFAEL URIBE - SEDE PRINCIPAL"
"67694","I.E. PABLO VALETTE - SEDE PRINCIPAL"
"5330","COL NACIONAL DE BACHILLERATO DE NOBSA"
"54601","INST DE EDUC PREESC BAS Y MEDIA DE OTANCHE"
"127779","COL DE EDUCACION BAS MARCO FIDEL SUAREZ"
"54627","COL DE EDUC PREESC BAS Y MEDIA TEC DE PANQUEBA"
"5728","I.E. TECNICA AGROPECUARIA - SEDE PRINCIPAL"
"160549","IE CAMILO TORRES DE TOCA - SEDE PRINCIPAL"
"47282","COL SAN PEDRO CLAVER"
"159178","IE FRANCISCO JOSE DE CALDAS - SEDE PRINCIPAL"
"54700","I.E.T. AGROPECUARIA SAN RAFAEL - SEDE PRINCIPAL"
"71456","INST TEC REGIONAL SAN BARTOLOME"
,"I.E.T. DE NOBSA - SEDE PRINCIPAL"
"49460","COL SERGIO CAMARGO"
,"IE TEC JOSE GABRIEL CARVAJAL GARCIA - SEDE PRINCIPAL"
,"I.E. CAMPO ELIAS CORTES - SEDE PRINCIPAL"
"60038","COLEGIO CIUDAD DEL SOL"
,"IE DIEGO DE TORRES - SEDE PRINCIPAL"
,"I.E.T. CARLOS ALBERTO OLANO VALDERRAMA - SEDE PRINCIPAL"
,"COLEGIO SEMINARIO MENOR DIOCESANO - SEDE PRINCIPAL"
,"COLEGIO PEDAGOGICO LOS ALAMOS"
"332205","ESC CUINCHA"
"607804","COL MODERNO LA FLORIDA"
"40451","I.E. SAN FELIPE - SEDE PRINCIPAL"
"134692","INSTITUCION EDUCATIVA URIBESCO - SEDE PRINCIPAL"
"159467","I.E. LAS CAÑAS - SEDE PRINCIPAL"
"163220","IE ADOLFO MARIA JIMENEZ - SEDE PRINCIPAL"
"5587","INSTITUCION EDUCATIVA  SUGAMUXI"
"24745","I.E. TEC IND JULIO FLOREZ - SEDE PRINCIPAL"
"153668","IE SANTA BARBARA - SEDE PRINCIPAL"
"128025","CENTRO JUVENIL EMILIANI"
"30783","I.E.T. CARLOS ALBERTO OLANO VALDERRAMA - SEDE PRINCIPAL"
"128884","IE RAFAEL BAYONA NI¿O"
"197590","COLEGIO NUESTRA SEÑORA DE GUADALUPE"
"86355","I.E. JUANA CAPORAL - SEDE PRINCIPAL"
"111732","COLEGIO CORPORACIÓN SANTO DOMINGO - SEDE PRINCIPAL"
"152702","IE PUENTE DE PIEDRA - SEDE PRINCIPAL"
"154666","IE RIO DE PIEDRAS - SEDE PRINCIPAL"
"332320","ESC NIAUNZA"
"49478","IE CARLOS ARTURO TORRES PEÑA - SEDE PRINCIPAL"
"151514","I.E. TECNICA EL PORTACHUELO - SEDE PRINCIPAL"
"756064","I.E. TECNICA AGROINDUSTRIAL CUSAGUI - SEDE PRINCIPAL"
,"COLEGIO NACIONALIZADO LA PRESENTACION SEDE NORTE"
,"I.E. ALFONSO VANEGAS SIERRA - SEDE PRINCIPAL"
,"I.E. PIJAOS - SEDE PRINCIPAL"
,"COL EDUC BAS Y MEDIA TEC NTRA SRA DEL NAZARETH"
"93351","IE JOHN F. KENNEDY - SEDE PRINCIPAL"
"45450","I.E. JUANA CAPORAL - SEDE PRINCIPAL"
"144683","IE RAFAEL BERNAL JIMENEZ"
"4952","I.E. TÉCNICA NUESTRA SEÑORA DE NAZARETH - SEDE PRINCIPAL"
"740001","I.E. TECNICA IGNACIO GIL SANABRIA - SEDE PRINCIPAL"
"57117","IE GARAVITO - SEDE PRINCIPAL"
"147041","COLEGIO TECNICO MUNICIPAL FRANCISCO DE PAULA SANTANDER"
"5082","COLEGIO NACIONALIZADO LA PRESENTACION SEDE NORTE"
"55467","COL JORGE ELIECER GAITAN"
"5579","COLEGIO MILITAR INOCENCIO CHINCA"
"35394","I.E. SAN LUIS DE GACENO - SEDE PRINCIPAL"
"5009","COLEGIO NUESTRA SEÑORA DEL ROSARIO"
"164764","I.E. SANTO DOMINGO SAVIO - SEDE PRINCIPAL"
"163337","COL TEC NSTRA SRA DE LA PAZ"
"197681","COLEGIO CRISTIANO DE CHIQUINQUIRA JESUCRISTO ES EL REY - SEDE PRINCIPAL"
"60079","COLEGIO GRAN COLOMBIA"
"163345","I.E. TÉCNICA NSTRA SRA DE LA PAZ  - SEDE PRINCIPAL"
"148932","IE COMEZA HOYADA"
,"IE ANTONIO RICAURTE - SEDE PRINCIPAL"
"105601","IE SAN MARCOS"
"113803","IE TEC SAN ISIDRO DE BOYACA"
,"I.E. SAN FELIPE - SEDE PRINCIPAL"
,"IE AGROP EL ESCOBAL - SEDE PRINCIPAL"
"675371","INSTITUTO TECNICO SANTO TOMAS DE AQUINO SEDE PRINCIPAL"
"130831","CORPORACION SANTO DOMINGO"
"24752","I.E. NORMAL SUPERIOR SOR JOSEFA DEL CASTILLO Y GUEVARA - SEDE PRINCIPAL"
"154831","I.E. SAN MIGUEL ARCANGEL"
"47316","IE COL DE EDUC BAS Y MEDIA TEC JACINTO VEGA"
"102517","I.E.T. NUESTRA SEÑORA DE LA O - SEDE PRINCIPAL"
"5215","I.E.TÉCNICA ENRIQUE OLAYA HERRERA - SEDE PRINCIPAL"
"91496","COL EDUC BAS Y MEDIA NUEVA ESPERANZA"
"24745","I.E. TECNICO INDUSTRIAL JULIO FLOREZ - SEDE PRINCIPAL"
"5439","INST ED NUEVA GENERACION"
"45443","INS TEC INDUSTRIAL DE PEÑA NEGRA"
"48082","IE CAMPO ELIAS CORTES"
"40477","I.E. TECNICA HONORIO ANGEL Y OLARTE - SEDE PRINCIPAL"
"5397","IE TEC INDUSTRIAL Y MINERA - SEDE PRINCIPAL"
"159020","I E MATILDE ANARAY"
"162032","IE NORMAL SUPERIOR LA PRESENTACION - SEDE PRINCIPAL"
"30783","ESC SAN JOSE DE LA MONTAÑA"
"49486","COL DE EDUC BAS Y MEDIA TEC SEÑOR DE LOS MILAGROS"
"161042","COL. EL PRADO"
,"IE ALBERT EINSTEIN"
,"IE LUCAS CABALLERO CALDERON - SEDE PRINCIPAL"
"728725","COL BAS SANTA CECILIA"
"96644","COLEGIO LA PRESENTACIÓN"
"5165","I.E. HECTOR JULIO RANGEL QUINTERO - SEDE PRINCIPAL"
"5298","I.E.T. JOSE ACEVEDO Y GOMEZ - SEDE PRINCIPAL"
"106997","I.E.T. PUERTO SERVIEZ  - SEDE PRINCIPAL"
"735431","INSTITUTO TECNICO SAN ANTONIO DE PADUA - SEDE PRICIPAL"
"127779","I.E. MARCO FIDEL SUÁREZ - SEDE PRINCIPAL"
"64196","IE JOSE MARIA CORDOBA - SEDE PRINCIPAL"
"161075","I.E. NUESTRA SEÑORA DE LA CANDELARIA - SEDE PRINCIPAL"
"720011","CENTRO JUVENIL AMIGONIANO DE BOYACA - SEDE DUITAMA"
"4812","ESCUELA NORMAL SUPERIOR LEONOR ALVAREZ PINZON"
"81893","I.E. TOMAS VASQUEZ RODRIGUEZ - SEDE PRINCIPAL"
"30262","IE SAN MARCOS"
"155515","IE SAN ALBERTO MAGNO - SEDE PRINCIPAL"
"5009","COL. NTRA SRA DEL ROSARIO"
"166892","I.E. SAN IGNACIO DE LOYOLA - SEDE PRINCIPAL"
"4903","CENTRAL"
"194191","COLEGIO SAN VIATOR"
"742072","I.E. TECNICA PIJAOS - SEDE PRINCIPAL"
"151696","COL ANDRES ROMERO AREVALO"
"154807","I.E. NORMAL SUPERIOR - SEDE PRINCIPAL"
"171934","COL BILING MONTESSORI"
"133223","COLEGIO COMFABOY"
,"LICEO DE LA PRESENTACION"
"161430","I.E. DE EDUCACION BASICA Y MEDIA TECNICA JOSE ANTONIO PAEZ - SEDE PRINCIPAL"
"188870","ESC SUPANECA"
"163097","COL DE EDUCACION SERAFIN LUENGAS CHACON"
,"I.E. SANTA BARBARA - SEDE PRINCIPAL"
"159830","IE ANTONIO RICAURTE - SEDE PRINCIPAL"
"5603","I.E. ANTONIO NARIÑO - SEDE PRINCIPAL"
"5645","I.E. TECNICA JOSE BENIGNO PERILLA - SEDE PRINCIPAL"
"24760","PRINCIPAL INTEGRADO"
"49460","I.E.T. SERGIO CAMARGO - SEDE PRINCIPAL"
"727388","CENTRO JUVENIL EMILIANI"
"5421","ESC NORMAL SUPERIOR"
"171033","COL SAGRADO CORAZON DE JESUS"
"5181","I.E. TECNICO INDUSTRIAL MARCO AURELIO BERNAL - SEDE PRINCIPAL"
,"PRINCIPAL INTEGRADO"
"86322","IE ECOLOGICO SAN FRANCISCO"
"86256","I.E. JOSÉ SANTOS GUTIERREZ - SEDE PRINCIPAL"
"64212","COL TEC AGRP PIO MORANTES"
"168534","IE LOS LIBERTADORES - SEDE PRINCIPAL"
,"I.E. SAN IGNACIO DE LOYOLA - SEDE PRINCIPAL"
,"IE NSTRA SRA DEL CARMEN - SEDE PRINCIPAL"
"81893","CENTRO EDUCATIVO JUAN DE LA SALLE"
"100305","I.E. SILVINO RODRIGUEZ CENTRAL"
,"IE LUIS GUILLERMO ROJAS BARRERA - SEDE PRINCIPAL"
"4747","COLEGIO SALESIANO MALDONADO"
"675298","COL EDUC BAS CEBADAL"
"37689","IE HORIZONTES - SEDE PRINCIPAL"
"5702","IE TEC RAFAEL URIBE - SEDE PRINCIPAL"
"36251","IE LUCAS CABALLERO CALDERON - SEDE PRINCIPAL"
"27201","I.E. TECNICA NUESTRA SEÑORA DEL ROSARIO - SEDE PRINCIPAL"
"57109","CONC DESARROLLO RURAL DE LENGUPA"
"54619","COL DE ED BAS Y MED TEC AGROP SANTA RITA DE CASIA"
"111153","INSTITUCIÓN EDUCATIVA ANGLO AMERICANO"
"91421","I.E. TEC JACINTO VEGA - SEDE PRINCIPAL"
"338079","ESC EL OSO"
,"I.E. LA LIBERTAD - SEDE PRINCIPAL"
,"I.E EL CRUCE - SEDE PRINCIPAL"
"19196","IE ANTONIO RICAURTE - SEDE PRINCIPAL"
"104547","COLEGIO CORPORACION SANTO DOMINGO"
"5272","IE SERGIO CAMARGO - SEDE PRINCIPAL"
"666453","IE CARLOS ARTURO TORRES PEÑA - SEDE PRINCIPAL"
"107003","I.E. AGROINDUSTRIAL LA PRADERA - SEDE PRINCIPAL"
"67728","COL TEC CIAL SAN PEDRODE IGUAQUE"
"115824","INSTITUCION EDUCATIVA MAGDALENA"
"155291","INSTITUTO TECNICO NUEVA FAMILIA - SEDE PRINCIPAL"
"5652","ESC NORMAL SUPERIOR VALLE DE TENZA"
"51722","COL CUSAGUI"
,"COLEGIO TECNICO MUNICIPAL SIMÓN BOLIVAR"
"132944","CARLOS ARTURO TORRES SEDE CENTRAL"
"180372","COL LEONARDO DA VINCI"
,"COLEGIO DE BOYACA"
,"IE TEC IND ANTONIO RICAURTE - SEDE PRINCIPAL"
,"IE TEC INDUSTRIAL Y MINERA - SEDE PRINCIPAL"
"324772","ESC SISVACA"
,"COLEGIO CIUDAD DEL SOL"
,"COL COOP COOSERVICIOS"
,"I.E. MARÍA AUXILIADORA - SEDE PRINCIPAL"
,"I.E. ARMANDO SOLANO - SEDE PRINCIPAL"
"111732","IE TECNICA PIO ALBERTO FERRO PEÑA - SEDE PRINCIPAL"
"152462","IE SERGIO CAMARGO - SEDE PRINCIPAL"
"99721","I.E. EL PRADO - SEDE PRINCIPAL"
"100297","COLEGIO BOSTON"
"47316","I.E. TEC JACINTO VEGA - SEDE PRINCIPAL"
"125187","""CENTRO DE DESARROLLO HUMANO """"CEDHU"""""""
"182410","COLEGIO SANTA TERESITA"
"64188","I.E. TECNICA LA LIBERTAD - SEDE PRINCIPAL"
"738831","INSTITUCIÓN EDUCATIVA NUESTRA SEÑORA DE MORCA"
"5447","IE TECNICA NACIONALIZADA DE SAMACA - SEDE PRINCIPAL"
"5470","INST INT NLAZADO CARLOS ARTURO TORRES PEÑA"
"153841","IE CASILDA ZAFRA - SEDE PRINCIPAL"
,"IE TECNICO INDUSTRIAL - SEDE PRINCIPAL"
"714436","IE TECNICA FRANCISCO JOSE DE CALDAS - SEDE PRINCIPAL"
"37671","IE TEC SAN BARTOLOME - SEDE PRINCIPAL"
"754721","I.E. JORGE GUILLERMO MOJICA MARQUEZ - SEDE PRINCIPAL"
"148668","I.E. LA GRANJA - SEDE PRINCIPAL"
"158121","COLEGIO CENCOV CIENCIA Y CULTURA - SEDE PRINCIPAL"
"171298","COLEGIO JOHN F. KENNEDY"
"167718","IE DIVINO NIÑO CORMAL- SEDE PRINCIPAL"
,"CENTRAL"
"152249","IE ADOLFO MARIA JIMENEZ - SEDE PRINCIPAL"
,"COLEGIO DE LA PRESENTACION TUNJA"
"7552","INSTITUCION EDUCATIVA COLEGIO DE SUGAMUXI"
,"COLEGIO NUESTRA SEÑORA DEL ROSARIO"
"142349","COLEGIO PEDAGOGICO DE COLOMBIA"
"739896","I.E. CASILDA ZAFRA - SEDE PRINCIPAL"
,"IE NORMAL SUPERIOR VALLE DE TENZA - SEDE PRINCIPAL"
"165100","I.E. EL ROSARIO - SEDE PRINCIPAL"
"119230","I.E. TEC IND JULIO FLOREZ - SEDE PRINCIPAL"
"27722","INSTITUCION EDUCATIVA TECNICO INDUSTRIAL GUSTAVO JIMENEZ"
,"INSTITUCION EDUCATIVA FRANCISCO DE PAULA SANTANDER"
"734277","I.E. NORMAL SUPERIOR NUESTRA SEÑORA DEL ROSARIO - SEDE PRINCIPAL"
"164111","CENTRO DE ENSEÑANZA PRECOZ CAMINO AL SABER"
"5736","IE FRANCISCO DE PAULA SANTANDER - SEDE PRINCIPAL"
"153536","I.E. TEC IND JULIO FLOREZ - SEDE PRINCIPAL"
"5470","IE CARLOS ARTURO TORRES PEÑA - SEDE PRINCIPAL"
"27730","I.E.T. SAN LUIS - SEDE PRINCIPAL"
"47241","I.E.T. AGROPECUARIO LA ESMERALDA - SEDE PRINCIPAL"
"33134","COL DPTAL PABLO VI"
"33142","COL LA CANDELARIA"
"27763","COL NZADO EL ESPINO"
"134049","I.E. AGROPECUARIA EL ESCOBAL - SEDE PRINCIPAL"
"91439","INST TEC INTEGD NZADO MARISCAL SUCRE"
"96677","I.E. JOSE CAYETANO VASQUEZ - SEDE PRINCIPAL"
,"LOS LIBERTADORES"
,"I.E.T. SAN LUIS - SEDE PRINCIPAL"
"60061","IE RAFAEL BERNAL JIMENEZ"
"9110","I.E. TÉCNICA LAS MERCEDES - SEDE PRINCIPAL"
,"I.E. TÉCNICA NSTRA SRA DE LA PAZ  - SEDE PRINCIPAL"
"40493","I.E. SAN FELIPE - SEDE PRINCIPAL"
"35329","I.E. JUAN JOSE NEIRA - SEDE PRINCIPAL"
"108316","COLEGIO DE BACHILLERATO NUEVA ESPERANZA"
"47324","ARISTOBULO ANGARITA NIÑO"
"4879","IE TECNICA RAMON IGNACIO AVELLA - SEDE PRINCIPAL"
"102509","COLEGIO TECNICO MUNICIPAL FRANCISCO DE PAULA SANTANDER"
"5678","SEDE JORGE GUILLERMO MOJICA MARQUEZ"
"132027","I.E.T. LOS COMUNEROS - SEDE PRINCIPAL"
"4903","I.E.T. AGRICOLA - SEDE PRINCIPAL"
"24810","INST NACINAL DE PROMOCIÓN SOCIAL"
"148247","IE NORMAL SUPERIOR - SEDE PRINCIPAL"
"112706","COLEGIO DE COMFABOY - SEDE PRINCIPAL"
"145409","COL DE EDUC BAS TUNJUELO"
"154740","IE LIBARDO CUERVO PATARROYO - SEDE PRINCIPAL"
"78246","COL MPAL AGROP SANTA BARBARA"
"173807","C.E. CAMPESTRE SAN DIEGO - SEDE PRINCIPAL"
"328757","SEDE SAN LUIS"
"93351","COLEGIO JOHN F. KENNEDY"
"5041","LA MILAGROSA"
"162776","I.E.T. AGROPECUARIO SANTA RITA DE CASIA - SEDE PRINCIPAL"
"159442","I.E. AGRICOLA ANTONIO NARIÑO - SEDE PRINCIPAL"
"152462","COL DE EDUC BAS MIRAFLORES"
"104547","COLEGIO NUESTRA SEÑORA DEL ROSARIO"
,"IE PANAMERICANO PUENTE BOYACA - SEDE PRINCIPAL"
,"I.E. NORMAL SUPERIOR NTRA SRA DEL ROSARIO - SEDE PRINCIPAL"
,"COLEGIO BOLIVARIANO - SEDE PRINCIPAL"
,"IE GUSTAVO ROMERO HERNANDEZ - SEDE PRINCIPAL"
"163386","IE LA FLORESTA - SEDE PRINCIPAL"
"88542","INSTITUCION EDUCATIVA TECNICO DE BELLAS ARTES"
,"INSTITUCION EDUCATIVA NUEVA GRANADA - SEDE PRINCIPAL"
,"IE LIBARDO CUERVO PATARROYO - SEDE PRINCIPAL"
"108316","I.E. EL ROSARIO - SEDE PRINCIPAL"
"168732","IE ROBERTO FRANCO IZASA - SEDE PRINCIPAL"
"5306","IE TECNICA DE MONGUI - SEDE PRINCIPAL"
"725788","I.E. SAN PEDRO CLAVER - SEDE PRINCIPAL"
"4804","CENTRAL"
"138446","COL DE EDUC BAS EL DIVINO NIÑO"
"5157","I.E. JOSÉ SANTOS GUTIERREZ - SEDE PRINCIPAL"
"4887","I.E. SUSANA GUILLEMIN - SEDE PRINCIPAL"
"194191","COLEGIO CRISTO REY - SEDE PRINCIPAL"
"5157","I.E. JOSE SANTOS GUTIERREZ - SEDE PRINCIPAL"
"183640","COL DE EDUC BAS EL DIVINO NIÑO"
"5397","INST DE BTO TECNICO"
"159020","I E MATILDE ANARAY - SEDE PRINCIPAL"
"339713","IE JUAN JOSE RONDON - SEDE PRINCIPAL"
"40485","I.E. TECNICA ANTONIO NARIÑO - SEDE PRINCIPAL"
"104521","LA FLORESTA"
"158105","I.E. TÉCNICA NUESTRA SEÑORA DE NAZARETH - SEDE PRINCIPAL"
"163246","ESC SAN JOSE DE NAZARETH"
"675397","INSTITUTO TÉCNICO JOSÉ MIGUEL SILVA PLAZAS"
"158204","I.E.T DE PANQUEBA - SEDE PRINCIPAL"
"154815","I.E. NORMAL SUPERIOR - SEDE PRINCIPAL"
,"INSTITUTO SAN MARTIN"
"32243","CARLOS ARTURO TORRES SEDE CENTRAL"
"172510","IE SAN PEDRO CLAVER- SEDE PRINCIPAL"
,"COLEGIO LOS ÁNGELES"
"717462","INSTITUTO FRANCESCO PETRARCA - SEDE PRINCIPAL"
"47308","I.E. TÉCNICA NSTRA SRA DE LA PAZ  - SEDE PRINCIPAL"
"29736","INSTITUCION EDUCATIVA TECNICO INDUSTRIAL GUSTAVO JIMENEZ"
"720417","INSTITUCION EDUCATIVA EMPRESARIALY AGROINDUSTRIAL LOS ANDES INSEANDES"
"716332","SEDE CAMPOAMOR"
"40485","IE TEC ANTONIO NARIÑO - SEDE PRINCIPAL"
"33126","I.E. TECNICA AGROPECUARIA - SEDE PRINCIPAL"
"150029","IE HORIZONTES - SEDE PRINCIPAL"
"5033","I.E.T. AGROPECUARIO - SEDE PRINCIPAL"
"37671","INST TEC REGIONAL SAN BARTOLOME"
"153247","COL BAS NAGUATA"
"96685","COL MILITAR CORONEL FRAY JOSE"
"122044","COL DE EDUC BAS MEDIA ACAD Y TEC SANTA CRUZ DE MOTAVITA"
"727453","INSTITUTO SANTA SOFIA"
"750794","JUAN PABLO II - SEDE PRINCIPAL"
,"IE TECNICA RAMON IGNACIO AVELLA - SEDE PRINCIPAL"
"67686","COL ESTATAL NICOLAS CUERVO Y R - SECCION B"
"120659","COL. PUERTO PINZON"
"159947","COL NZDO PABLO VI"
"155341","I.E.T. PUERTO SERVIEZ  - SEDE PRINCIPAL"
"160960","I.E. HERNANDO GELVEZ SUAREZ - SEDE PRINCIPAL"
"174466","IE GUANEGRO - SEDE PRINCIPAL"
"136986","INSTITUCION EDUCATIVA NUEVA GRANADA - SEDE PRINCIPAL"
,"INSTITUCION EDUCATIVA MAGDALENA"
,"I.E. RAFAEL REYES"
"64204","INSTITUCION EDUCATIVA POLITECNICO ALVARO GONZALEZ SANTANA"
"744474","COLEGIO GRAN COLOMBIA"
"5231","I.E.T. COMERCIAL - SEDE PRINCIPAL"
"81836","IE SANTA BARBARA - SEDE PRINCIPAL"
"158600","I.E. LLANO GRANDE - SEDE PRINCIPAL"
"666255","I.E.T. CARLOS ALBERTO OLANO VALDERRAMA - SEDE PRINCIPAL"
"132951","GIMNASIO CAMPESTRE SANTO DOMINGO - SEDE PRINCIPAL"
"5140","INSTITUTO TECNICO INDUSTRIAL RAFAEL REYES-DUITAMA"
"26450","IE NORMAL SUPERIOR LA PRESENTACION - SEDE PRINCIPAL"
"64139","IE TECNICA PIO ALBERTO FERRO PEÑA - SEDE PRINCIPAL"
"73650","COLEGIO TECNICO MUNICIPAL SIMÓN BOLIVAR"
"5678","IE JORGE GUILLERMO MOJICA MARQUEZ - SEDE PRINCIPAL"
"27763","I.E. EL ESPINO - SEDE PRINCIPAL"
,"INSTITUCION EDUCATIVA EMPRESARIALY AGROINDUSTRIAL LOS ANDES INSEANDES"
"107094","INSTITUCION EDUCATIVA SAN MARTÍN DE TOURS"
,"CARLOS ARTURO TORRES SEDE CENTRAL"
"754929","I.E. LA CABAÑA - SEDE PRINCIPAL"
"4911","INST TEC INTEGD NZADO MARISCAL SUCRE"
"666347","INSTITUTO TECNICO NUEVA FAMILIA - SEDE PRINCIPAL"
,"LA MILAGROSA"
,"COL JOSE ASUNCION SILVA"
"168732","COL BAS ROBERTO FRANCO IZASA"
"162867","CONC DE DESARROLLO RURAL"
,"IE TEC INDUSTRIAL - SEDE PRINCIPAL"
,"I.E. SUSANA GUILLEMIN - SEDE PRINCIPAL"
,"I.E. MARCO AURELIO BERNAL - SEDE PRINCIPAL"
,"I.E. TECNICA PEDRO JOSE SARMIENTO - SEDE PRINCIPAL"
,"I.E. SANTO DOMINGO SAVIO - SEDE PRINCIPAL"
,"I.E. TOMAS VASQUEZ RODRIGUEZ - SEDE PRINCIPAL"
,"I.E. TECNICA Y ACADEMICA NUESTRA SEÑORA DEL ROSARIO - SEDE PRINCIPAL"
"104547","COLEGIO DE BOYACA"
"64162","COLEGIO LA PRESENTACIÓN"
"5710","IE DIEGO DE TORRES - SEDE PRINCIPAL"
"718940","PRINCIPAL INTEGRADO"
"40493","HECTOR JULIO GOMEZ Y KENNEDY"
"168724","I.E. NUESTRA SEÑORA DE LA NAVAL - SEDE PRINCIPAL"
"4853","CARLOS ARTURO TORRES SEDE CENTRAL"
"64196","IE JOSE MARIA CORDOBA"
"96651","IE TEC SALAMANCA - SEDE PRINCIPAL"
"78246","I.E. SANTA BARBARA - SEDE PRINCIPAL"
"106971","COL TOQUILLA"
"141051","I.E. PABLO VALETTE - SEDE PRINCIPAL"
,"IE TECNICA NACIONALIZADA DE SAMACA - SEDE PRINCIPAL"
"81836","COL DE EDUCAC BAS MEDIA STA BARBARA"
"42325","COL DPTAL HAYDEE CAMACHO SAAVEDRA"
"1770","IE TEC Y ACAD ANTONIO NARIÑO - SEDE PRINCIPAL"
"130179","COL JUAN PABLO II"
"160085","COL DE EDUC BAS SAN JOSE DE LA MONTAÑA"
,"I.E.T. SANTA CRUZ DE MOTAVITA - SEDE PRINCIPAL"
"159848","IE ANTONIO RICAURTE - SEDE PRINCIPAL"
"86355","IE ALBERT EINSTEIN"
"745273","I.E. ENRIQUE SUAREZ - SEDE PRINCIPAL"
"165092","I.E. EL ROSARIO - SEDE PRINCIPAL"
,"IE TEC SEÑOR DE LOS MILAGROS - SEDE PRINCIPAL"
"5413","I.E. ARMANDO SOLANO - SEDE PRINCIPAL"
"79848","I.E.T. ALEJANDRO DE HUMBOLDT - SEDE PRINCIPAL"
"57711","I.E.T. SANTA CRUZ DE MOTAVITA - SEDE PRINCIPAL"
"5355","I.E. EL ROSARIO - SEDE PRINCIPAL"
"640623","ESC SIDERURGICA"
"48082","I.E. CAMPO ELIAS CORTES - SEDE PRINCIPAL"
"5660","COL EDU BAS Y ME TEC NTRA SRA DEL CARMEN"
"33142","I.E. LA CANDELARIA - SEDE PRINCIPAL"
"28241","I.E. JOSE CAYETANO VASQUEZ - SEDE PRINCIPAL"
"51755","IE MARIANO OSPINA PEREZ - SEDE PRINCIPAL"
"54700","IE NZADA SAN RAFAEL"
"717405","COLEGIO MILITAR CORONEL JUAN JOSE RONDON - SEDE PRINCIPAL"
"148247","ESC NORMAL SUPERIOR"
"141804","IE SAN ANTONIO DE PADUA - SEDE PRINCIPAL"
"28258","I.E. TÉCNICA LAS MERCEDES - SEDE PRINCIPAL"
"333492","I.E.T AGRICOLA - SEDE PRINCIPAL"
"86298","COL TEC DE NAZARETH"
"67991","COLEGIO SAN PEDRO CLAVER"
"161265","IE PUENTE DE PIEDRA - SEDE PRINCIPAL"
"163626","IE SIMON BOLIVAR - SEDE PRINCIPAL"
,"INSTITUCION EDUCATIVA SILVESTRE ARENAS"
"32243","COLEGIO NUESTRA SEÑORA DEL ROSARIO"
,"COL EL SOL"
"1220","I.E. TOMAS VASQUEZ RODRIGUEZ - SEDE PRINCIPAL"
,"I.E. TEC JACINTO VEGA - SEDE PRINCIPAL"
"11261","INSTITUCION EDUCATIVA INTEGRADO JOAQUIN GONZALEZ CAMARGO"
,"IE FRANCISCO JOSE DE CALDAS - SEDE PRINCIPAL"
"42317","I.E. JORGE CLEMENTE PALACIOS - SEDE PRINCIPAL"
"120642","INSTITUCION EDUCATIVA SILVESTRE ARENAS"
"5603","EDIFICIO CALLE 18"
"151332","IE LOS LIBERTADORES - SEDE PRINCIPAL"
"40485","COL EDUC BAS Y MEDIA TEC ANTONIO NARIÑO"
"5298","JOSE ACEVEDO Y GOMEZ"
"31500","I.E.T. DE NOBSA - SEDE PRINCIPAL"
"86330","COL SAN MARCOS"
"148338","IE SANTA BARBARA - SEDE PRINCIPAL"
"158675","I.E. RAFAEL REYES"
"676460","IE PUENTE DE PIEDRA - SEDE PRINCIPAL"
"5066","LA MILAGROSA"
"160531","IE TELEPALMERITAS - SEDE PRINCIPAL"
"157511","I.E. HAYDEE CAMACHO SAAVEDRA - SEDE PRINCIPAL"
"717710","COL BAS SANTA CECILIA"
"167270","I.E. FRAY ARTURO AYALA - SEDE PRINCIPAL"
"160416","IE NSTRA SRA DEL CARMEN - SEDE PRINCIPAL"
"760975","LIBERTADOR SIMON BOLIVAR CENTRAL"
,"IE RIO DE PIEDRAS - SEDE PRINCIPAL"
,"COLEGIO CENCOV CIENCIA Y CULTURA - SEDE PRINCIPAL"
"111153","INSTITUCION EDUCATIVA INTEGRADO JOAQUIN GONZALEZ CAMARGO"
"224014","I.E. TECNICO INDUSTRIAL MARCO AURELIO BERNAL - SEDE PRINCIPAL"
"5389","I.E.T NACIONALIZADO DE PAUNA - SEDE PRINCIPAL"
"107078","IE JOSE ANTONIO GALAN - SEDE PRINCIPAL"
"4895","I.E. TECNICA Y ACADEMICA NUESTRA SEÑORA DEL ROSARIO - SEDE PRINCIPAL"
"728691","I.E. TECNICO INDUSTRIAL JULIO FLOREZ - SEDE PRINCIPAL"
"5504","COL NALZADO JUAN JOSE RONDON"
"28035","I.E. TECNICA ANTONIO NARIÑO - SEDE PRINCIPAL"
"81885","IE ESCUELA NORMAL SUPERIOR - SEDE PRINCIPAL"
"91454","INSTITUCION EDUCATIVA LOS LIBERTADORES"
"5538","COL FRANCISCO JOSE DE CALDAS"
"81851","INSTITUTO TECNICO GONZALO SUAREZ RENDON CENTRAL"
"662734","INST TEC AGROP LA ESMERALDA"
"146464","IE SUPANECA - SEDE PRINCIPAL"
,"ESCUELA NORMAL SUPERIOR LEONOR ALVAREZ PINZON"
"78204","IE TECNICA NACIONALIZADA DE SAMACA - SEDE PRINCIPAL"
"163568","I.E. TECNICA JAIRO ALBARRACIN BARRERA - SEDE PRINCIPAL"
"147959","COL NZADO DE CERINZA"
,"COLEGIO GRAN COLOMBIA"
"4812","CENTRAL"
,"IE JORGE GUILLERMO MOJICA MARQUEZ - SEDE PRINCIPAL"
"724195","I.E. LA CABAÑA - SEDE PRINCIPAL"
"6226","COL JOSE ASUNCION SILVA"
"164798","IE EL HATO - SEDE PRINCIPAL"
"42309","COL EL SOL"
"60020","COLEGIO ALEJANDRO DE HUMBOLDT"
"658054","I.E. ECOLÓGICO DE BUSBANZA - SEDE PRINCIPAL"
"34959","I.E. TÉCNICA CHICAMOCHA - SEDE PRINCIPAL"
"188821","COL NACIONALIZADO"
"115832","INSTITUCION EDUCATIVA LA INDEPENDENCIA"
"161166","LICEO CAMPESTRE MUNDO CONSTRUCTIVO - SEDE PRINCIPAL"
"5645","COL DE EDUC BAS Y MEDIA TEC JOSE BENIGNO PERILLA"
"160390","COL DE EDUCACION SERAFIN LUENGAS CHACON"
"86306","IE JORGE GUILLERMO MOJICA MARQUEZ - SEDE PRINCIPAL"
"158485","INS DE EDUC BAS JESUS EMILIO JARAMILLO MONSALVE"
"71464","I.E. TOMAS VASQUEZ RODRIGUEZ - SEDE PRINCIPAL"
,"IE SAN MARCOS - SEDE PRINCIPAL"
"60103","COL COOP SAN ANTONIO DE LOS CEDROS"
,"I.E. TEC IND JULIO FLOREZ - SEDE PRINCIPAL"
,"COLEGIO CELCO"
"725531","ESC SISVACA"
,"INSTITUCION EDUCATIVA RAFAEL GUTIERREZ GIRARDOT"
"86298","INSTITUCION EDUCATIVA INTEGRADO JOAQUIN GONZALEZ CAMARGO"
"6930","CENTRO EDUCATIVO SAN AGUSTIN - SEDE PRINCIPAL"
"735365","I.E. TECNICA PIO ALBERTO FERRO PEÑA - SEDE PRINCIPAL"
"724351","INSTITUCION EDUCATIVA GUSTAVO ROJAS PINILLA CENTRAL"
"4804","ESCUELA NORMAL SUPERIOR SANTIAGO DE TUNJA CENTRAL"
"46029","I.E. DE DESARROLLO TECNOLÓGICO AGROPECUARIO - SEDE PRINCIPAL"
"27722","I.E. JUAN JOSE REYES PATRIA - SEDE PRINCIPAL"
"78238","I.E. NORMAL SUPERIOR SAGRADO CORAZÓN - SEDE PRINCIPAL"
"160085","ESC SAN JOSE DE LA MONTAÑA"
"84038","IE TECNICA FRANCISCO JOSE DE CALDAS - SEDE PRINCIPAL"
"57117","COL RUR GARAVITO"
"32599","PRINCIPAL INTEGRADO"
"148551","CENT DE EDUC BAS DE HATOVIEJO"
"152702","COL PUENTE DE PIEDRA"
"159335","I.E. REGIÓN SUR DE AQUITANIA"
"81828","I.E. JORGE ELIECER GAITAN - SEDE PRINCIPAL"
"51755","COL DE EDUC BAS Y MEDIA MARIANO OSPINA PEREZ"
"166892","INST DE EDUC PREESC BAS Y MEDIA DE OTANCHE"
"169078","CONC DE DESARROLLO RURAL"
"150565","I.E. VALLE DE TENZA - SEDE PRINCIPAL"
"731166","I.E. TECNICA LOS COMUNEROS - SEDE PRINCIPAL"
,"COLEGIO ALEJANDRO DE HUMBOLDT"
"18167","IE MARIANO OSPINA PEREZ - SEDE PRINCIPAL"
,"IE RANCHO GRANDE - SEDE PRINCIPAL"
,"COLEGIO ANDINO DE TUNJA"
,"INSTITUCION EDUCATIVA LOS LIBERTADORES"
"108316","I.E. ARMANDO SOLANO - SEDE PRINCIPAL"
,"I.E.T. AMBIENTAL SOTE PANELAS - SEDE PRINCIPAL"
"734103","LOS LIBERTADORES"
"728865","I.E. TECNICA ANTONIO NARIÑO - SEDE PRINCIPAL"
"5686","IE GUSTAVO ROMERO HERNANDEZ - SEDE PRINCIPAL"
"152223","I.E. EL CARDON - SEDE PRINCIPAL"
"5249","I.E. TECNICA NUESTRA SEÑORA DE LAS MERCEDES - SEDE PRINCIPAL"
"48272","I.E. NACIONALIZADA TECNICA AGROPECUARIA CAMPOHERMOSO - SEDE PRINCIPAL"
"134411","RUNTA ABAJO"
"5736","COL NACIONALIZADO"
"42317","IE JORGE CLEMENTE PALACIOS - SEDE PRINCIPAL"
"40477","I.E. HONORIO ANGEL Y OLARTE - SEDE PRINCIPAL"
"111732","CORPORACION SANTO DOMINGO"
"142323","INSTITUTO TECNICO SAN ANTONIO DE PADUA - SEDE PRICIPAL"
"159863","LICEO COOPERATIVO CAMPESTRE - SEDE PRINCIPAL"
"48272","COL NZADO CAMPOHERMOSO"
"157818","IE SUSE - SEDE PRINCIPAL"
,"I.E. EL ROSARIO - SEDE PRINCIPAL"
"152025","I.E. CONCHA MEDINA DE SILVA - SEDE PRINCIPAL"
"89730","I.E.T NACIONALIZADO DE PAUNA - SEDE PRINCIPAL"
"607580","COLEGIO NUEVA GRANADA"
,"INSTITUCIÓN EDUCATIVA NUESTRA SEÑORA DE MORCA"
"189548","ESC SIDERURGICA"
"106955","INSTITUCION EDUCATIVA POLITECNICO ALVARO GONZALEZ SANTANA"
